date,port_ret
2013-01-02,0.0
2013-01-03,0.0
2013-01-04,0.0
2013-01-07,0.0
2013-01-08,0.0
2013-01-09,0.0
2013-01-10,0.0
2013-01-11,0.0
2013-01-14,0.0
2013-01-15,0.0
2013-01-16,0.0
2013-01-17,0.0
2013-01-18,0.0
2013-01-22,0.0
2013-01-23,0.0
2013-01-24,0.0
2013-01-25,0.0
2013-01-28,0.0
2013-01-29,0.0
2013-01-30,0.0
2013-01-31,0.0
2013-02-01,0.0
2013-02-04,0.0
2013-02-05,0.0
2013-02-06,0.0
2013-02-07,0.0
2013-02-08,0.0
2013-02-11,0.0
2013-02-12,0.0
2013-02-13,0.0
2013-02-14,0.0
2013-02-15,0.0
2013-02-19,0.0
2013-02-20,0.0
2013-02-21,0.0
2013-02-22,0.0
2013-02-25,0.0
2013-02-26,0.0
2013-02-27,0.0
2013-02-28,0.0
2013-03-01,0.0
2013-03-04,0.0
2013-03-05,0.0
2013-03-06,0.0
2013-03-07,0.0
2013-03-08,0.0
2013-03-11,0.0
2013-03-12,0.0
2013-03-13,0.0
2013-03-14,0.0
2013-03-15,0.0
2013-03-18,0.0
2013-03-19,0.0
2013-03-20,0.0
2013-03-21,0.0
2013-03-22,0.0
2013-03-25,0.0
2013-03-26,0.0
2013-03-27,0.0
2013-03-28,0.0
2013-04-01,0.0
2013-04-02,0.0
2013-04-03,0.0
2013-04-04,0.0
2013-04-05,0.0
2013-04-08,0.0
2013-04-09,0.0
2013-04-10,0.0
2013-04-11,0.0
2013-04-12,0.0
2013-04-15,0.0
2013-04-16,0.0
2013-04-17,0.0
2013-04-18,0.0
2013-04-19,0.0
2013-04-22,0.0
2013-04-23,0.0
2013-04-24,0.0
2013-04-25,0.0
2013-04-26,0.0
2013-04-29,0.0
2013-04-30,0.0
2013-05-01,0.0
2013-05-02,0.0
2013-05-03,0.0
2013-05-06,0.0
2013-05-07,0.0
2013-05-08,0.0
2013-05-09,0.0
2013-05-10,0.0
2013-05-13,0.0
2013-05-14,0.0
2013-05-15,0.0
2013-05-16,0.0
2013-05-17,0.0
2013-05-20,0.0
2013-05-21,0.0
2013-05-22,0.0
2013-05-23,0.0
2013-05-24,0.0
2013-05-28,0.0
2013-05-29,0.0
2013-05-30,0.0
2013-05-31,0.0
2013-06-03,0.0
2013-06-04,0.0
2013-06-05,0.0
2013-06-06,0.0
2013-06-07,0.0
2013-06-10,0.0
2013-06-11,0.0
2013-06-12,0.0
2013-06-13,0.0
2013-06-14,0.0
2013-06-17,0.0
2013-06-18,0.0
2013-06-19,0.0
2013-06-20,0.0
2013-06-21,0.0
2013-06-24,0.0
2013-06-25,0.0
2013-06-26,0.0
2013-06-27,0.0
2013-06-28,0.0
2013-07-01,0.0
2013-07-02,0.0
2013-07-03,0.0
2013-07-05,0.0
2013-07-08,0.0
2013-07-09,0.0
2013-07-10,0.0
2013-07-11,0.0
2013-07-12,0.0
2013-07-15,0.0
2013-07-16,0.0
2013-07-17,0.0
2013-07-18,0.0
2013-07-19,0.0
2013-07-22,0.0
2013-07-23,0.0
2013-07-24,0.0
2013-07-25,0.0
2013-07-26,0.0
2013-07-29,0.0
2013-07-30,0.0
2013-07-31,0.0
2013-08-01,0.0
2013-08-02,0.0
2013-08-05,-0.01427715762705975
2013-08-06,0.0053995825253146945
2013-08-07,0.001469961813721582
2013-08-08,0.008238604573838154
2013-08-09,-0.0002522353770932906
2013-08-12,-0.004958577928085184
2013-08-13,-0.004426974963707531
2013-08-14,-0.007339732304487034
2013-08-15,-0.006335132979143426
2013-08-16,-0.006496173106974229
2013-08-19,-0.008287707522392523
2013-08-20,-0.002739397356556761
2013-08-21,-0.0015196268476213581
2013-08-22,-0.002059597776502997
2013-08-23,-0.010695635280110971
2013-08-26,-0.010816766191576954
2013-08-27,-0.0017533709520860252
2013-08-28,-0.006053153341029127
2013-08-29,-0.0041991738474670415
2013-08-30,0.001292761008036103
2013-09-03,0.0028713987442155475
2013-09-04,-0.006071634019741812
2013-09-05,0.008550990021018445
2013-09-06,0.006701483087962118
2013-09-09,-0.004593660002089772
2013-09-10,0.0065912574220088616
2013-09-11,0.020940992210675247
2013-09-12,-0.0024681536681716576
2013-09-13,-0.0007672769495380982
2013-09-16,-0.0016729387357837244
2013-09-17,0.016113873199036788
2013-09-18,-0.00017658742079801337
2013-09-19,0.004449528553966825
2013-09-20,0.010026778091382138
2013-09-23,-0.0010417499026855181
2013-09-24,0.007653092058607758
2013-09-25,0.009165054960882602
2013-09-26,0.005839473629683539
2013-09-27,0.011210507517933732
2013-09-30,0.0028666371781209954
2013-10-01,0.0014303114122098115
2013-10-02,0.002359731231702883
2013-10-03,-0.003930837461220166
2013-10-04,0.009877620864128578
2013-10-07,0.0023288968399753085
2013-10-08,-0.019922874268474305
2013-10-09,-0.00685063105513245
2013-10-10,0.009342422228615976
2013-10-11,-0.006343607785411459
2013-10-14,0.0031070184624992225
2013-10-15,0.004589517126916937
2013-10-16,0.005510121158949555
2013-10-17,0.003533571581699091
2013-10-18,0.01012810052503993
2013-10-21,-0.006285718388783057
2013-10-22,-0.01330670805972231
2013-10-23,-0.009378406701605169
2013-10-24,-0.0005091932401923016
2013-10-25,-0.001655760810591267
2013-10-28,-0.013570705734418681
2013-10-29,-0.009352694843103582
2013-10-30,0.0018360238304012122
2013-10-31,0.0057098538295815016
2013-11-01,-0.0007336419068488531
2013-11-04,-0.02179748847295998
2013-11-05,0.009452750143864763
2013-11-06,-0.010829491362954913
2013-11-07,-0.010631866500830062
2013-11-08,0.014525938579681513
2013-11-11,-0.004769495561963266
2013-11-12,0.0018353320712988785
2013-11-13,0.01471935954167164
2013-11-14,-0.00363637785327664
2013-11-15,-0.008120879748643367
2013-11-18,-0.020126388634279707
2013-11-19,0.002110659757960598
2013-11-20,-0.0009105962324869599
2013-11-21,0.0044669442053316966
2013-11-22,-0.0048303056024526225
2013-11-25,-0.0072941840749583264
2013-11-26,0.013517609973102696
2013-11-27,0.009079045173191552
2013-11-29,0.008294249558768785
2013-12-02,0.001932681002993708
2013-12-03,-0.010417336874666006
2013-12-04,0.011646088240015312
2013-12-05,0.001013747461460629
2013-12-06,-0.01003898281398849
2013-12-09,0.0020968816146576252
2013-12-10,0.012765866114172159
2013-12-11,-0.005250428747240826
2013-12-12,0.013989204160475499
2013-12-13,0.009066066697577618
2013-12-16,0.0024288736830107294
2013-12-17,0.007625533316582139
2013-12-18,-0.0054343580172810935
2013-12-19,-0.0035283950018086263
2013-12-20,0.001599165228801408
2013-12-23,0.011463408286865429
2013-12-24,-0.0039215385806312675
2013-12-26,-0.003358246779866597
2013-12-27,-0.016093898462466755
2013-12-30,-0.013013272624174857
2013-12-31,0.0033154694774654714
2014-01-02,0.0007172371188062313
2014-01-03,-0.00297750494648763
2014-01-06,0.0084987422852493
2014-01-07,0.005285701229639811
2014-01-08,0.0022400006844384146
2014-01-09,-0.002003121573065425
2014-01-10,0.0003012738868332643
2014-01-13,-0.004682428821374096
2014-01-14,0.004391506501990772
2014-01-15,-0.0034819051386917044
2014-01-16,-0.003009387802827501
2014-01-17,0.001715859148830462
2014-01-21,0.01327097425509266
2014-01-22,-0.004409515911708101
2014-01-23,-0.0026518558719919316
2014-01-24,-0.013880413065592012
2014-01-27,-0.0008933103443673207
2014-01-28,-0.015042497129430149
2014-01-29,-0.005808513013982858
2014-01-30,0.07243861058897563
2014-01-31,-0.017704431996009934
2014-02-03,-0.0026588753673385257
2014-02-04,0.005637222745880993
2014-02-05,-0.006396424460909295
2014-02-06,7.108066923133816e-05
2014-02-07,0.008296307224660904
2014-02-10,-0.007107717272288677
2014-02-11,0.0006427126751977208
2014-02-12,-0.007944303888815507
2014-02-13,0.01492806725915019
2014-02-14,-0.00630090471917466
2014-02-18,0.005668436746691624
2014-02-19,-0.0027556867258294038
2014-02-20,0.0061935802710084975
2014-02-21,-0.005521832909417712
2014-02-24,0.013074227140734057
2014-02-25,0.005671030869681903
2014-02-26,0.00014840007831601332
2014-02-27,-0.001773514527381892
2014-02-28,-0.006000668768005674
2014-03-03,-0.0012293999778094922
2014-03-04,-0.00029496378168192283
2014-03-05,0.014771281848221296
2014-03-06,-0.003854003984032628
2014-03-07,-0.006840212124020473
2014-03-10,0.006497527505887113
2014-03-11,-0.010532113138305654
2014-03-12,0.0028544294288066485
2014-03-13,-0.009247166377696875
2014-03-14,-0.006276615703064842
2014-03-17,0.002140329595353707
2014-03-18,0.005847396296756652
2014-03-19,-0.0018773763131260113
2014-03-20,-0.005044243956017519
2014-03-21,-0.005344084101692598
2014-03-24,-0.019636617015855673
2014-03-25,-0.004080763328275061
2014-03-26,-0.021290335966425517
2014-03-27,-0.0009029699683366366
2014-03-28,-0.005907989580068683
2014-03-31,-0.0049602683469706366
2014-04-01,0.003998306356807715
2014-04-02,0.0003588450107858965
2014-04-03,-0.011369292960007105
2014-04-04,-0.022374635393454523
2014-04-07,0.00043157014082081946
2014-04-08,0.010592208487883198
2014-04-09,0.01868757972943308
2014-04-10,-0.01753917935040139
2014-04-11,-0.006583203856426495
2014-04-14,0.00414491973700698
2014-04-15,-0.0029405299724364897
2014-04-16,0.008220206179485073
2014-04-17,-0.013248854401179455
2014-04-21,0.005913061253369739
2014-04-22,0.012486023318437012
2014-04-23,-0.009846426224552979
2014-04-24,-0.004663183530655868
2014-04-25,-0.018658884199870468
2014-04-28,-0.013449203847588298
2014-04-29,0.0024835477545828433
2014-04-30,-0.004809422527018242
2014-05-01,-0.003224123670227702
2014-05-02,-0.002922998442003444
2014-05-05,0.0028419403139341437
2014-05-06,0.0036552042466710954
2014-05-07,0.0010855954351021158
2014-05-08,0.005978844932131078
2014-05-09,0.0011153642486091964
2014-05-12,0.015808766360391274
2014-05-13,-0.003695010386138703
2014-05-14,0.0013556703244747559
2014-05-15,0.00015642812791394345
2014-05-16,-0.006758470519242554
2014-05-19,0.011407512850702795
2014-05-20,-0.006629237234520247
2014-05-21,-0.0016550354874229622
2014-05-22,-0.002106340975581683
2014-05-23,0.00014135246855512262
2014-05-27,0.007401204999387123
2014-05-28,0.003838426748127649
2014-05-29,-0.001299299078046906
2014-05-30,-0.0016490647110770085
2014-06-02,0.0026399925748977204
2014-06-03,0.0007851120897708341
2014-06-04,0.0026866907757349123
2014-06-05,-0.013997818859397076
2014-06-06,-0.006270342126855677
2014-06-09,0.003241016236102623
2014-06-10,0.006964553806221352
2014-06-11,0.003923596783379862
2014-06-12,0.003816313254881659
2014-06-13,0.0011726813044944662
2014-06-16,0.0001268562066286949
2014-06-17,0.002363907979887614
2014-06-18,-0.002455703154180977
2014-06-19,-0.0015619162412849608
2014-06-20,0.0009854128896291114
2014-06-23,-0.0005951411001525186
2014-06-24,0.003124637535335928
2014-06-25,0.00611309256689746
2014-06-26,-0.000965337639296876
2014-06-27,0.0022725544001641618
2014-06-30,0.0022285309222529193
2014-07-01,-0.002360417561086736
2014-07-02,-0.008076124709379656
2014-07-03,-0.0031315953674493358
2014-07-07,-0.0034985500775519263
2014-07-08,-0.005546188454325807
2014-07-09,0.008150085899511994
2014-07-10,4.3726102018415425e-05
2014-07-11,-0.00636633772264214
2014-07-14,0.0019496089443037934
2014-07-15,-0.0008473784862721712
2014-07-16,-0.00046886713801436164
2014-07-17,-0.0011733361059020342
2014-07-18,-0.01241274383860888
2014-07-21,0.00026535755814233175
2014-07-22,0.0008078119236736292
2014-07-23,0.003454412085885622
2014-07-24,-0.0033760421087809522
2014-07-25,0.02166396434952153
2014-07-28,0.002736563892624666
2014-07-29,-0.0009471096853656547
2014-07-30,0.008831360624649405
2014-07-31,-0.0032244314921147654
2014-08-01,-0.0006022679582190493
2014-08-04,-0.0006077787714437732
2014-08-05,-0.000354019484891388
2014-08-06,-0.0031920648370674376
2014-08-07,0.0007885564588906713
2014-08-08,-0.005702715137804598
2014-08-11,0.002179923086648744
2014-08-12,-0.0009626948047328499
2014-08-13,-0.0023273379609461964
2014-08-14,-0.008548961954175621
2014-08-15,0.005116294789914266
2014-08-18,0.003635589977721898
2014-08-19,0.004352341380602032
2014-08-20,-0.002828570729759533
2014-08-21,-6.678991793213074e-05
2014-08-22,0.002486355654187783
2014-08-25,-0.001628178516494827
2014-08-26,-0.003834557650983894
2014-08-27,-0.0020819969900941204
2014-08-28,0.0008565449007340853
2014-08-29,0.00434027654420352
2014-09-02,0.006094360761859513
2014-09-03,-0.011233011683390498
2014-09-04,-0.007064438855288374
2014-09-05,0.0034896318104493673
2014-09-08,0.002814371810469951
2014-09-09,0.009109685020228298
2014-09-10,0.006764701397269757
2014-09-11,9.909848835862323e-05
2014-09-12,0.001090689661033012
2014-09-15,0.004367531255644319
2014-09-16,-0.005138614385877427
2014-09-17,0.001454419195194595
2014-09-18,-0.0010720731989506405
2014-09-19,-0.00580435394747017
2014-09-22,0.006331001759854238
2014-09-23,0.004471777797045884
2014-09-24,-0.005975461283719313
2014-09-25,-0.0047702232572591485
2014-09-26,0.007239804511744108
2014-09-29,-0.0004694241157715273
2014-09-30,0.00043073843101748555
2014-10-01,0.0006076653065486687
2014-10-02,-0.00023496025945765608
2014-10-03,-0.004608666127497801
2014-10-06,-0.0002341930768515188
2014-10-07,0.004647990490744464
2014-10-08,0.0033442747056054434
2014-10-09,0.006791797228380275
2014-10-10,-0.000645319525013538
2014-10-13,0.004226361132920159
2014-10-14,-0.0055223192490245765
2014-10-15,-0.0004547548601387952
2014-10-16,-0.001754584877432297
2014-10-17,0.014719295025522522
2014-10-20,0.0013138784958648397
2014-10-21,0.0012295348912070292
2014-10-22,-0.0018109450979663655
2014-10-23,0.0028551990520550574
2014-10-24,0.03008942184934499
2014-10-27,-0.0035787717955972354
2014-10-28,-0.0031507026252983183
2014-10-29,-0.011208271327423192
2014-10-30,-0.018275430036439992
2014-10-31,-0.005971406703744242
2014-11-03,0.0007689533960544143
2014-11-04,0.008855207826069689
2014-11-05,0.0012679807886245564
2014-11-06,-0.0010790007672093482
2014-11-07,-0.003539445947388975
2014-11-10,-0.00450007437805422
2014-11-11,0.0033578290923139964
2014-11-12,0.008215139259813237
2014-11-13,0.0051148959373808756
2014-11-14,0.0009302321421483795
2014-11-17,-0.0014685144450980459
2014-11-18,0.0027587162530657017
2014-11-19,-0.008317514038533036
2014-11-20,0.0008844022519672867
2014-11-21,-0.003310176126154585
2014-11-24,0.0060703865822653025
2014-11-25,0.006203542242999044
2014-11-26,0.011442458451931953
2014-11-28,0.0067363433429425135
2014-12-01,-0.012146017760558792
2014-12-02,-0.00497624275008246
2014-12-03,0.0064124908096074296
2014-12-04,0.0014402679640149463
2014-12-05,0.0075097980389211005
2014-12-08,0.00106943026940029
2014-12-09,0.0009660012447055
2014-12-10,0.00584112156943542
2014-12-11,0.0016129573179410883
2014-12-12,0.008355470519314595
2014-12-15,-0.005964760589972695
2014-12-16,-0.0009090695279635186
2014-12-17,-0.000729063190112067
2014-12-18,0.004882573878817575
2014-12-19,-0.0066456152175032035
2014-12-22,0.0024418864200465573
2014-12-23,-0.009877434674393892
2014-12-24,0.0002175179440343511
2014-12-26,0.003832567390564867
2014-12-29,-0.00020822173587334292
2014-12-30,-0.007824810750516664
2014-12-31,-0.004851986754211474
2015-01-02,-0.0003762168934746124
2015-01-05,0.002262006539968192
2015-01-06,0.004153989171602396
2015-01-07,0.0017075847660078802
2015-01-08,0.011237848617990154
2015-01-09,0.002150619626689998
2015-01-12,-0.0028083311508627917
2015-01-13,-0.00013092152162033632
2015-01-14,-0.002843832867324869
2015-01-15,-0.010971993261574359
2015-01-16,-0.007397038823299368
2015-01-20,0.011164368884497344
2015-01-21,-0.003715837986340176
2015-01-22,-0.0013765916672933143
2015-01-23,0.005036044404548495
2015-01-26,-0.0010026705339439002
2015-01-27,-0.00793631384887758
2015-01-28,0.02270813931955168
2015-01-29,0.009971427849311404
2015-01-30,-0.01907532594024844
2015-02-02,0.0019093489385727247
2015-02-03,0.0015232679160794016
2015-02-04,0.005230031276413499
2015-02-05,-0.006318732797221505
2015-02-06,-0.008359684925292543
2015-02-09,0.006198640465828853
2015-02-10,0.0005365728051192065
2015-02-11,0.009813865310379283
2015-02-12,-0.002826774105836788
2015-02-13,-0.005828095637099628
2015-02-17,0.007993231895279895
2015-02-18,0.006446646609000295
2015-02-19,-0.009088082209071924
2015-02-20,9.961263866259396e-05
2015-02-23,0.013720010049937892
2015-02-24,0.0009688884779326667
2015-02-25,-0.013278593490501367
2015-02-26,0.0010294223833139937
2015-02-27,-0.006516540922884728
2015-03-02,0.0032521502514162304
2015-03-03,-0.0006041423839074911
2015-03-04,-0.0013590956256523123
2015-03-05,-0.0008830316974372809
2015-03-06,0.002253344944053992
2015-03-09,0.0009084728642846096
2015-03-10,-0.002300583969998743
2015-03-11,-0.004112559297608981
2015-03-12,0.006829421106123779
2015-03-13,0.003282072863599328
2015-03-16,-0.0008342125213789409
2015-03-17,0.011028514289700753
2015-03-18,-0.01102215659474201
2015-03-19,0.00785952076390753
2015-03-20,-0.0013983117062093542
2015-03-23,-0.008311943093612412
2015-03-24,-0.007152915308046542
2015-03-25,-0.018153543130394828
2015-03-26,0.003983276419702614
2015-03-27,0.00779106606250396
2015-03-30,-0.0006313654337234548
2015-03-31,-0.005417240668607465
2015-04-01,0.0011325369661675105
2015-04-02,0.006943171049135777
2015-04-06,0.007610101387047319
2015-04-07,-0.0021389258377765286
2015-04-08,0.006605735970249577
2015-04-09,0.005584085097218305
2015-04-10,-0.0005149102932698879
2015-04-13,-0.0023955046050517514
2015-04-14,-0.006310723618449893
2015-04-15,-0.003877055002841634
2015-04-16,-0.0011644477862258196
2015-04-17,-0.0005556640642517818
2015-04-20,-0.004167466551014937
2015-04-21,0.0009131204776642865
2015-04-22,0.0024808780175151757
2015-04-23,-0.0012315366022153384
2015-04-24,-0.025464537227168377
2015-04-27,0.0055265458353191965
2015-04-28,-0.01085209011564886
2015-04-29,-0.005272048705610377
2015-04-30,-0.002542120100807399
2015-05-01,0.009446873579115278
2015-05-04,0.0010421433331895824
2015-05-05,-0.007326840203430857
2015-05-06,0.007342105668455279
2015-05-07,0.005361934540850932
2015-05-08,-0.023330524734578695
2015-05-11,0.0012348280694780833
2015-05-12,0.0009470903861005797
2015-05-13,0.0015615298482632711
2015-05-14,0.0029848283278532395
2015-05-15,0.0008313704470076511
2015-05-18,0.005336639126595988
2015-05-19,-0.0015631612806182027
2015-05-20,-0.00042143466401931007
2015-05-21,0.00775057190208614
2015-05-22,0.004590732863421237
2015-05-26,-0.002032682445124695
2015-05-27,0.00807692632570367
2015-05-28,-0.003113819044665206
2015-05-29,0.0014114013821443505
2015-06-01,0.00022154759474618535
2015-06-02,-0.00011665825538464958
2015-06-03,0.004050231403808141
2015-06-04,-0.0013342745928190125
2015-06-05,0.00032087733527258466
2015-06-08,-0.00297840288124529
2015-06-09,-0.0026072744423152605
2015-06-10,0.0020827490654876657
2015-06-11,0.0014749180655388439
2015-06-12,0.00032202885352064503
2015-06-15,-0.0008559592513575076
2015-06-16,-0.0025451258104910446
2015-06-17,-0.003511002771175359
2015-06-18,0.003383015811256773
2015-06-19,-0.0033898191475057737
2015-06-22,0.0031787127480441824
2015-06-23,0.006766391758428636
2015-06-24,0.0012619250012139704
2015-06-25,0.0009816824447894668
2015-06-26,-0.0022406923085471486
2015-06-29,-0.004732899770394289
2015-06-30,0.005361864792514298
2015-07-01,-0.0026342199116655696
2015-07-02,-0.003128666785231299
2015-07-06,-0.00036490839910888195
2015-07-07,-0.006470638680298874
2015-07-08,-0.005276063509423307
2015-07-09,-0.002962783690368731
2015-07-10,0.008162531129657646
2015-07-13,0.006800880307288482
2015-07-14,0.006213135692446303
2015-07-15,-0.0018824945794632675
2015-07-16,0.008903564705837808
2015-07-17,0.008847402421401529
2015-07-20,0.006787577573628689
2015-07-21,-0.000540741372222292
2015-07-22,-0.010410297472736862
2015-07-23,-0.0008489981822729087
2015-07-24,0.028142154731224667
2015-07-27,0.0005884871989393636
2015-07-28,-0.01225793897379035
2015-07-29,-0.002594538794008061
2015-07-30,0.022424758152171147
2015-07-31,0.011203294151494403
2015-08-03,-0.0004523474730967966
2015-08-04,-0.005029658769595519
2015-08-05,0.004520239418196431
2015-08-06,-0.005852362116434168
2015-08-07,0.002509287160205015
2015-08-10,0.0005208407584999519
2015-08-11,0.001477698509342651
2015-08-12,-0.009113964338662822
2015-08-13,0.005375946960975236
2015-08-14,0.004976583003005408
2015-08-17,0.0013925416219913445
2015-08-18,0.0020539696712125743
2015-08-19,0.009666385829152385
2015-08-20,-0.007132810668907669
2015-08-21,-0.008190063639121947
2015-08-24,-0.004570684740985792
2015-08-25,0.007029707648248534
2015-08-26,0.008209273988140586
2015-08-27,0.005920756288091189
2015-08-28,-0.003059370961357999
2015-08-31,-0.005639595405190462
2015-09-01,-0.0015437782492629393
2015-09-02,0.004319735467036456
2015-09-03,-0.010035403396672138
2015-09-04,0.00616745397208851
2015-09-08,0.007195118881058282
2015-09-09,0.012687745924533644
2015-09-10,0.005623136669939244
2015-09-11,0.002685045866122393
2015-09-14,-0.0028824197876963775
2015-09-15,-0.0010792288153660956
2015-09-16,-0.004709089125049193
2015-09-17,0.006714349796504482
2015-09-18,0.0036876591273303783
2015-09-21,0.001074363135819656
2015-09-22,-0.0035775681499813916
2015-09-23,-0.0015634383073524216
2015-09-24,-0.0034359224294742696
2015-09-25,-0.011172318675804122
2015-09-28,-0.01579967063126972
2015-09-29,-0.0076702236183983355
2015-09-30,0.010748858471307299
2015-10-01,0.0022248074759576575
2015-10-02,0.0037352912338524114
2015-10-05,0.004671604770688953
2015-10-06,-0.010198371473413903
2015-10-07,-0.004297620164448235
2015-10-08,-0.008787026883196714
2015-10-09,0.006839306322743655
2015-10-12,0.0079241384494666
2015-10-13,0.0030863406419355532
2015-10-14,-0.0063595255915182836
2015-10-15,0.008784722312047522
2015-10-16,-0.0006610913701765586
2015-10-19,0.00707891746504552
2015-10-20,-0.009555480500241936
2015-10-21,-0.0027748594753572164
2015-10-22,-0.005496246748997069
2015-10-23,0.022034100792724887
2015-10-26,0.011905240779357007
2015-10-27,0.0018556146832893472
2015-10-28,0.002744613278356789
2015-10-29,0.005004144554264844
2015-10-30,0.006499460301348042
2015-11-02,-0.007302648109097698
2015-11-03,-0.005184860938237529
2015-11-04,0.00954978221929595
2015-11-05,0.010833960488690758
2015-11-06,0.004118255219963007
2015-11-09,-0.0021388345604194114
2015-11-10,0.009406473660555664
2015-11-11,0.008233396381324226
2015-11-12,-0.0005710681331781708
2015-11-13,-0.004526089256886523
2015-11-16,-0.0030027748697949996
2015-11-17,-0.0013831588983088117
2015-11-18,0.0018871727062967913
2015-11-19,-0.0051082928668951255
2015-11-20,0.008544391238194476
2015-11-23,0.0029521994385304506
2015-11-24,-0.008247027680606478
2015-11-25,0.0048258536099103355
2015-11-27,0.0024427621464288007
2015-11-30,-0.008458201065406457
2015-12-01,0.013549611508209547
2015-12-02,0.00638456304714255
2015-12-03,-0.00422403443914654
2015-12-04,-0.009229433248506058
2015-12-07,-0.0031993659412245523
2015-12-08,0.008280379403773214
2015-12-09,-0.005280656337445289
2015-12-10,0.000646868641992121
2015-12-11,-0.001189172148388734
2015-12-14,0.0034142648826095134
2015-12-15,-0.0034089907585583
2015-12-16,0.006976485955902445
2015-12-17,0.003395274088670769
2015-12-18,0.0024655092207098717
2015-12-21,0.0030503388801842446
2015-12-22,-0.0013127677371140012
2015-12-23,-0.01020076572997941
2015-12-24,0.004505195997232869
2015-12-28,0.009114250892773734
2015-12-29,0.005153540265730228
2015-12-30,0.002849636007659792
2015-12-31,-0.001141969023722017
2016-01-04,-0.003950802302551522
2016-01-05,0.006895069140562787
2016-01-06,-0.0038146740173763682
2016-01-07,-0.005123068631659816
2016-01-08,-0.0020039156988363727
2016-01-11,0.004123380455443665
2016-01-12,-0.004478837364284671
2016-01-13,-0.017287585721820764
2016-01-14,-0.017167506381082637
2016-01-15,-0.0123538789209795
2016-01-19,0.008926357500641913
2016-01-20,0.010393198685392013
2016-01-21,0.0024549259546826907
2016-01-22,-0.006493169269261911
2016-01-25,0.013136294645874513
2016-01-26,-0.006133236529557606
2016-01-27,0.010618060264485224
2016-01-28,0.012114355486346734
2016-01-29,-0.01940110189860944
2016-02-01,0.002240591025816502
2016-02-02,-0.009831159623831687
2016-02-03,-0.026261448012809385
2016-02-04,-0.0037773348625234626
2016-02-05,-0.025791785850703963
2016-02-08,-0.02443462348431935
2016-02-09,0.0011438952800666147
2016-02-10,0.00869281631781818
2016-02-11,0.01806507232255447
2016-02-12,-0.01572857395910382
2016-02-16,0.008366187641998035
2016-02-17,0.006814814403078351
2016-02-18,0.026074324698317025
2016-02-19,0.00857137079128134
2016-02-22,0.014938102987288648
2016-02-23,0.013812113379626068
2016-02-24,-0.0015737511956365746
2016-02-25,-0.0014393890977419943
2016-02-26,-0.008196653520430724
2016-02-29,0.0022846414242085333
2016-03-01,-0.0033720139771328816
2016-03-02,-0.001165694234906478
2016-03-03,-0.005740004886333305
2016-03-04,-0.007575101549540136
2016-03-07,-0.004523450532383955
2016-03-08,0.0028114912211200938
2016-03-09,-0.0021271348049062833
2016-03-10,-0.00040997177427315457
2016-03-11,-0.0031565095438311486
2016-03-14,0.0018591024565512981
2016-03-15,-0.0061688136656112
2016-03-16,0.005419155493955469
2016-03-17,0.00043350019211726987
2016-03-18,-0.00545535933175767
2016-03-21,0.002574895457324422
2016-03-22,-0.00046985222642956237
2016-03-23,0.007556616071988154
2016-03-24,0.004498167628804728
2016-03-28,0.005424897381810512
2016-03-29,0.009531740571546937
2016-03-30,-0.007730402711753486
2016-03-31,0.0011354924039871095
2016-04-01,0.0003228069620056136
2016-04-04,-0.004651186567861565
2016-04-05,0.0022216349356843634
2016-04-06,-0.0016303204435326735
2016-04-07,0.006209063919523278
2016-04-08,-0.0006054169422163025
2016-04-11,-0.0026898830340369995
2016-04-12,-0.006609194512623401
2016-04-13,-0.00472702500560418
2016-04-14,-0.002644907077539116
2016-04-15,0.011171184924259392
2016-04-18,0.006338872254739225
2016-04-19,-0.00766273812018714
2016-04-20,-0.006729552485192775
2016-04-21,0.00577777240820232
2016-04-22,-0.01965913483158438
2016-04-25,0.005699342675684144
2016-04-26,-0.002569055907528983
2016-04-27,0.01819865247115296
2016-04-28,-0.0029113121133126363
2016-04-29,0.0016391231348855395
2016-05-02,0.003344975688424401
2016-05-03,-0.0046807403441063156
2016-05-04,0.0022047881426230653
2016-05-05,0.004215897280959446
2016-05-06,0.0060631809473497
2016-05-09,0.0005173367378070448
2016-05-10,0.002372918019191761
2016-05-11,0.002024094519309988
2016-05-12,0.004881519400450729
2016-05-13,0.03774555151416378
2016-05-16,-0.00010633234580764706
2016-05-17,-0.003091121043029721
2016-05-18,-0.004640095637106323
2016-05-19,0.002173725395608145
2016-05-20,0.0027879255270192305
2016-05-23,-0.0036504997156146524
2016-05-24,-0.004356592259015635
2016-05-25,-0.006543355418767494
2016-05-26,0.0007847426060025031
2016-05-27,-0.00019894220040161947
2016-05-31,0.0016194620301217266
2016-06-01,0.004053659868108933
2016-06-02,0.005356500261400665
2016-06-03,-0.002153765858396439
2016-06-06,-0.004069721123946934
2016-06-07,0.0002288392554741503
2016-06-08,-0.0011610351444199252
2016-06-09,0.009208675122413301
2016-06-10,-0.0006340693013696108
2016-06-13,0.008723761682837283
2016-06-14,0.0044331051419184975
2016-06-15,0.0030771085720088798
2016-06-16,0.0018785742547358653
2016-06-17,-0.0014018885211123655
2016-06-20,0.005839122886055259
2016-06-21,-0.003502546927096145
2016-06-22,-0.0008170676029730095
2016-06-23,0.005409619944074073
2016-06-24,-0.0033928415473345463
2016-06-27,0.004431879764960789
2016-06-28,0.0042798823898635985
2016-06-29,0.003738690549138557
2016-06-30,-0.003985115441334508
2016-07-01,-0.002767629823563017
2016-07-05,0.00995004162929869
2016-07-06,0.002012521062452588
2016-07-07,0.003033249474644867
2016-07-08,0.005935544421502181
2016-07-11,0.0045256580505472765
2016-07-12,0.0024895791666934564
2016-07-13,-0.0002771961568825698
2016-07-14,-0.003287483272098768
2016-07-15,-0.002247887885520161
2016-07-18,-0.0033755254518879063
2016-07-19,0.0015031206507624961
2016-07-20,0.00039774579176821145
2016-07-21,-0.002616567995529645
2016-07-22,0.007559748789889603
2016-07-25,0.0037297491517714887
2016-07-26,0.004126336810809983
2016-07-27,-0.02187580659997193
2016-07-28,-0.0025677568247405858
2016-07-29,-0.00738320068899162
2016-08-01,-0.01775173485209547
2016-08-02,0.004352090410856019
2016-08-03,-0.0007979762665315804
2016-08-04,0.003576884757595017
2016-08-05,-0.0023713094967051096
2016-08-08,-0.00041123939756060324
2016-08-09,-0.0007647436888062464
2016-08-10,-0.004442396821725536
2016-08-11,0.00623318467896114
2016-08-12,0.017020970456835316
2016-08-15,-0.003018428967859421
2016-08-16,-0.001248067566676253
2016-08-17,-0.006551927989541045
2016-08-18,0.004977520405868602
2016-08-19,-0.0013705240768507598
2016-08-22,0.0021844114143065307
2016-08-23,0.0020032167253328237
2016-08-24,-0.0025609023140293063
2016-08-25,-0.00016058653068587447
2016-08-26,0.003880107287279805
2016-08-29,0.0011478349996184856
2016-08-30,-0.0005255670058413042
2016-08-31,0.001848634934042137
2016-09-01,0.006795210391852935
2016-09-02,-0.003939149316009111
2016-09-06,-0.0021849373308855946
2016-09-07,-0.002197012053724967
2016-09-08,-0.00013653505181615566
2016-09-09,-0.009488770184045425
2016-09-12,0.0017769645308136628
2016-09-13,0.0023392025599344723
2016-09-14,0.004143941921188138
2016-09-15,0.007867940943468377
2016-09-16,0.006579980924800971
2016-09-19,0.0018902668345089635
2016-09-20,0.0026270049577788446
2016-09-21,0.009963685912752929
2016-09-22,0.001243794432588874
2016-09-23,0.0037818090441033847
2016-09-26,-0.0034807082299388448
2016-09-27,0.010792377070708403
2016-09-28,-0.006021146975242836
2016-09-29,0.008964623892074766
2016-09-30,0.0028639383438410215
2016-10-03,0.0018773084599309348
2016-10-04,-0.00012641609679811538
2016-10-05,0.0013147349757721694
2016-10-06,-0.006959134722208521
2016-10-07,-0.005040313685147374
2016-10-10,-0.0006746179251838347
2016-10-11,-0.005874006203910598
2016-10-12,-0.0008512577639962493
2016-10-13,-0.0023707399321959144
2016-10-14,0.0004390958052828964
2016-10-17,-0.005176429695905788
2016-10-18,5.2077303434372446e-05
2016-10-19,-0.0032939396970764756
2016-10-20,0.0039463547972371504
2016-10-21,0.0029254153644354963
2016-10-24,0.013183700622896644
2016-10-25,0.0038207658846408366
2016-10-26,-0.00235085725882625
2016-10-27,-0.004480680904620976
2016-10-28,-0.007787916765306824
2016-10-31,0.013725204599159824
2016-11-01,-0.002930510071903092
2016-11-02,-0.0022976589066662223
2016-11-03,0.002226523636741362
2016-11-04,-0.002737384541866811
2016-11-07,0.01269504232591695
2016-11-08,-0.004060828255537302
2016-11-09,-0.010039586233334646
2016-11-10,-0.011848040615239447
2016-11-11,0.07463370090827587
2016-11-14,-0.009235861854571314
2016-11-15,0.00422845802678562
2016-11-16,0.01839882175159155
2016-11-17,0.004927690009873947
2016-11-18,0.006961268328586873
2016-11-21,-0.00015250278299527853
2016-11-22,0.007873640328623865
2016-11-23,-0.0018527841552106739
2016-11-25,-0.0023331551028618613
2016-11-28,-0.00043406741447041264
2016-11-29,-0.0005858977112715713
2016-11-30,-0.006375236859324923
2016-12-01,-0.014702127359834338
2016-12-02,0.001792905399242789
2016-12-05,0.006678543756570093
2016-12-06,0.003014516744718032
2016-12-07,0.004132897349715836
2016-12-08,-0.008392152310846834
2016-12-09,-0.004049397340666172
2016-12-12,-0.00683666875449182
2016-12-13,-0.005291010862731538
2016-12-14,0.019998419772669557
2016-12-15,0.00800114513145167
2016-12-16,0.0018778443132775602
2016-12-19,0.007877400790338385
2016-12-20,0.012213919703529974
2016-12-21,0.002724174967274312
2016-12-22,0.0015114465856115311
2016-12-23,0.006006309174290625
2016-12-27,0.017398084042831052
2016-12-28,-0.015455412511786254
2016-12-29,0.004305836936138341
2016-12-30,-0.008502604555745641
2017-01-03,-0.014033098725217602
2017-01-04,0.0027889557776081264
2017-01-05,-0.015433791076463615
2017-01-06,-0.001107784281131008
2017-01-09,0.007334561443711973
2017-01-10,0.002283767053222724
2017-01-11,-0.0006783909371171348
2017-01-12,-0.004907469193516645
2017-01-13,-0.0020427499476746713
2017-01-17,-0.018203995663133105
2017-01-18,0.009177206856122305
2017-01-19,0.00904130055728275
2017-01-20,-0.0049365399910929475
2017-01-23,0.005918869419063194
2017-01-24,0.01271066868762738
2017-01-25,0.001876338953885448
2017-01-26,0.00777227993888549
2017-01-27,0.0021727000370592997
2017-01-30,-0.0060764733399052
2017-01-31,-0.003384586299652048
2017-02-01,0.007371333997503435
2017-02-02,-0.00018803254093618937
2017-02-03,0.0050426827468659785
2017-02-06,0.006444485097805958
2017-02-07,0.0051787400440507225
2017-02-08,-0.001460125869672979
2017-02-09,-0.0036973921650551578
2017-02-10,-0.011121695854127367
2017-02-13,-0.011067616380433382
2017-02-14,0.004428097264433134
2017-02-15,0.0005497008319596541
2017-02-16,-0.00347108686500483
2017-02-17,-0.0008861238018331996
2017-02-21,0.009033767910986479
2017-02-22,0.0029774019463687795
2017-02-23,-0.030174319581065007
2017-02-24,-0.0014256099952057455
2017-02-27,0.006799569323524074
2017-02-28,-0.0054277773683564234
2017-03-01,0.0028468591431064505
2017-03-02,-0.013496423961998294
2017-03-03,0.002548725406795793
2017-03-06,-0.005261143183949185
2017-03-07,0.002044940722908728
2017-03-08,0.002966150497576453
2017-03-09,-0.004765354986885101
2017-03-10,0.0003472953023105352
2017-03-13,0.006755793303809404
2017-03-14,0.0008287396327364416
2017-03-15,-0.004383756854280885
2017-03-16,0.0035823470293612214
2017-03-17,0.0038153166921173487
2017-03-20,0.006154966465765688
2017-03-21,-0.01329768841862966
2017-03-22,0.007658060096863317
2017-03-23,-0.0022598367593223145
2017-03-24,0.0033588647699817897
2017-03-27,0.0009720141373087965
2017-03-28,0.0020674213766390427
2017-03-29,-0.0008214184912454792
2017-03-30,0.002350030791709312
2017-03-31,0.0008526870591610836
2017-04-03,-0.00016481174946642377
2017-04-04,-0.01825271166703199
2017-04-05,-0.005719927103707417
2017-04-06,0.0027954950612662788
2017-04-07,-0.000705841866310869
2017-04-10,-0.009095339273693631
2017-04-11,0.00046448276342411776
2017-04-12,-0.0048383163379278615
2017-04-13,-0.002971165796877895
2017-04-17,0.01345315673386882
2017-04-18,-0.0013970256804819448
2017-04-19,0.0020694721567259267
2017-04-20,0.0063273429932785286
2017-04-21,0.001001524965768219
2017-04-24,0.008012083151336613
2017-04-25,0.0017884380192003113
2017-04-26,-0.0003120196430278499
2017-04-27,0.001358508978835271
2017-04-28,-0.015388721955626627
2017-05-01,0.005212781781388676
2017-05-02,-0.006488248725359663
2017-05-03,0.00071591495951423
2017-05-04,0.0024747622805405267
2017-05-05,-0.0015712658110774158
2017-05-08,-0.005132530964314569
2017-05-09,0.0015913694851756033
2017-05-10,0.0451296609066989
2017-05-11,0.0087551184923097
2017-05-12,0.002182321163487211
2017-05-15,0.012594580524213084
2017-05-16,0.006441770376772182
2017-05-17,-0.02450368081039561
2017-05-18,0.011414784941150946
2017-05-19,0.006573126383208283
2017-05-22,0.0015296739200443832
2017-05-23,-0.0027984984940065127
2017-05-24,0.0017232682157374557
2017-05-25,-0.0036127780649896912
2017-05-26,0.005991606572955194
2017-05-30,0.006805349831247379
2017-05-31,-0.0025019385742354183
2017-06-01,-7.526229400797724e-06
2017-06-02,0.0048705051292372015
2017-06-05,0.002788357109615447
2017-06-06,-0.00385742358498925
2017-06-07,0.005517486763389312
2017-06-08,0.02101527944250653
2017-06-09,-0.03142111902187947
2017-06-12,-0.008017715596047026
2017-06-13,0.004814865873470103
2017-06-14,-0.00030719636408899076
2017-06-15,-0.0036632774199603646
2017-06-16,-0.009251683542749772
2017-06-19,0.018178609473921997
2017-06-20,-0.0006383747554057906
2017-06-21,0.008554393899383506
2017-06-22,3.816990304272849e-06
2017-06-23,-0.008780290121097739
2017-06-26,-0.0022151281021059455
2017-06-27,-0.010237128018109248
2017-06-28,0.011853034889198338
2017-06-29,-0.005589440991079581
2017-06-30,-0.00357433813489455
2017-07-03,-0.019277922166143796
2017-07-05,0.009002433893492034
2017-07-06,0.0014496200270109338
2017-07-07,0.006684461273360642
2017-07-10,0.015292989400730511
2017-07-11,0.003949291978675551
2017-07-12,0.010739121472652768
2017-07-13,-0.001035055491264314
2017-07-14,0.010197496576917126
2017-07-17,0.0034336781477535827
2017-07-18,0.007848753515179469
2017-07-19,-0.0018372822039375847
2017-07-20,0.00404876907532542
2017-07-21,0.0032967321151571305
2017-07-24,4.4195354445608626e-05
2017-07-25,-0.007703093056373678
2017-07-26,0.005419369849231803
2017-07-27,-0.0013569695425489081
2017-07-28,0.001285230008628957
2017-07-31,-0.010304152623044877
2017-08-01,0.0027702647322723206
2017-08-02,-0.002152592536350695
2017-08-03,0.0029656118796151376
2017-08-04,0.004016196304679642
2017-08-07,0.0069048085351741395
2017-08-08,-0.0007333233886064605
2017-08-09,0.0024778436425840766
2017-08-10,-0.015124117977659668
2017-08-11,-0.006935998797986398
2017-08-14,0.022982751636979104
2017-08-15,-0.0002643430166152927
2017-08-16,-0.0025702264710881217
2017-08-17,-0.005464901274896045
2017-08-18,-0.002855454020055964
2017-08-21,-0.003291547058726113
2017-08-22,0.007347213793876456
2017-08-23,0.004994533159988351
2017-08-24,-0.0009838217998350551
2017-08-25,-0.0061322483505584224
2017-08-28,0.005210876822516974
2017-08-29,0.0012725872324441945
2017-08-30,0.006632517883000871
2017-08-31,0.0068455209961439945
2017-09-01,8.734859188996857e-05
2017-09-05,-0.01106747741993036
2017-09-06,-0.0033272233124466144
2017-09-07,0.0013206183458868148
2017-09-08,-0.006585277455581684
2017-09-11,0.007393072929279654
2017-09-12,0.0005979657987897624
2017-09-13,0.00029429326635160846
2017-09-14,-0.0049519380960646175
2017-09-15,0.015076278024771822
2017-09-18,0.008211980418603215
2017-09-19,0.0002742666315080633
2017-09-20,-0.005306933617405585
2017-09-21,-0.007461072934006635
2017-09-22,-0.002834621410463367
2017-09-25,-0.023861002809560466
2017-09-26,0.004853815278929752
2017-09-27,0.005146269628113542
2017-09-28,-0.0020466437105954582
2017-09-29,0.007866006633872685
2017-10-02,-0.0020702802716570518
2017-10-03,-0.0004752155723384832
2017-10-04,0.0022760580975649536
2017-10-05,-2.165777689044912e-05
2017-10-06,0.0035608463749830233
2017-10-09,0.006368190367973758
2017-10-10,0.0008869837614604303
2017-10-11,0.0040484031714685675
2017-10-12,0.0025515734121263345
2017-10-13,0.006782446669108683
2017-10-16,-0.0009638193646029913
2017-10-17,0.002159556280924374
2017-10-18,-0.0006733107972019259
2017-10-19,-0.002055182817038148
2017-10-20,-0.005221301246710358
2017-10-23,-0.0033558992454357506
2017-10-24,0.003618379491059587
2017-10-25,-0.006819441973793583
2017-10-26,-7.923741360021941e-05
2017-10-27,0.019100327787414634
2017-10-30,0.013944369572042717
2017-10-31,0.004272537505442431
2017-11-01,0.00023228673117800525
2017-11-02,-0.004532295098193223
2017-11-03,0.004183632113091584
2017-11-06,0.0026898118436768648
2017-11-07,0.0007786543830259895
2017-11-08,-0.005736439159648943
2017-11-09,-0.007020199560425211
2017-11-10,0.011702460544850357
2017-11-13,-0.005856981303628134
2017-11-14,0.0031690693903118905
2017-11-15,-0.00013944750777308834
2017-11-16,0.003355478241513943
2017-11-17,0.00217322431971112
2017-11-20,0.002340805767098858
2017-11-21,0.004396655331797894
2017-11-22,-0.002096139399235669
2017-11-24,0.0036752378538881803
2017-11-27,-0.0033973405978865168
2017-11-28,-0.00395618996083183
2017-11-29,-0.023271084634115452
2017-11-30,0.0031443024751903192
2017-12-01,-0.005045090835266025
2017-12-04,-0.026606345585801217
2017-12-05,0.0050805686135381445
2017-12-06,0.007920508643534607
2017-12-07,0.005060650232596109
2017-12-08,0.0033276718425114538
2017-12-11,0.006585413716081678
2017-12-12,-0.0020134913174645885
2017-12-13,-0.010729859891914911
2017-12-14,-0.001212141584866433
2017-12-15,0.010363082821089442
2017-12-18,0.0072197845951322
2017-12-19,-0.0018018376146383686
2017-12-20,-0.00091846052972544
2017-12-21,-0.00455323840170066
2017-12-22,-0.002374195355038078
2017-12-26,0.0014768994281994796
2017-12-27,0.0018311406164576716
2017-12-28,4.4595866270452644e-05
2017-12-29,-0.0038175019300782376
2018-01-02,0.009111214378556581
2018-01-03,0.012746276971517645
2018-01-04,0.0021609011735835293
2018-01-05,-0.002965749947012236
2018-01-08,0.005831430782174574
2018-01-09,0.0040874108171199686
2018-01-10,0.008291588184151405
2018-01-11,0.0002006360201576851
2018-01-12,0.00270099166278831
2018-01-16,-0.004236127663086758
2018-01-17,0.004624740145956929
2018-01-18,0.0021084040717352925
2018-01-19,0.004097278044269265
2018-01-22,0.0029551037260120427
2018-01-23,0.02369714286444005
2018-01-24,0.001595954784651521
2018-01-25,-0.003536837610756738
2018-01-26,0.008838874299040123
2018-01-29,0.00867613317704527
2018-01-30,-0.002482029582997383
2018-01-31,0.015235737173411867
2018-02-01,-0.007871688776766944
2018-02-02,0.0030875744911368352
2018-02-05,-0.00881192281600926
2018-02-06,0.01652607097945885
2018-02-07,0.0012767284788108568
2018-02-08,-0.010584251801339373
2018-02-09,0.02071965674279183
2018-02-12,-0.007508379196455556
2018-02-13,0.010013313933097928
2018-02-14,0.017895648095946876
2018-02-15,0.0025624757059593273
2018-02-16,-0.006592047010406332
2018-02-20,0.01515917234150152
2018-02-21,9.740739056252057e-05
2018-02-22,-0.002160817918157365
2018-02-23,0.0016601175154173364
2018-02-26,0.0008340037959038704
2018-02-27,0.0019303965341032625
2018-02-28,0.0065489011320390145
2018-03-01,-0.010490592770816737
2018-03-02,0.00023393303453050907
2018-03-05,-0.00039771828666593234
2018-03-06,0.01307345061822801
2018-03-07,0.009853773665682575
2018-03-08,-0.001658775749872804
2018-03-09,0.004361832446081404
2018-03-12,0.0066607317929211485
2018-03-13,-0.006452761411037733
2018-03-14,0.007518754498967717
2018-03-15,-0.001114724411407364
2018-03-16,-0.003842797717412194
2018-03-19,-0.006302227322018794
2018-03-20,0.014879273173480118
2018-03-21,0.002338173107481467
2018-03-22,-0.0032821904055941875
2018-03-23,-0.011055931424616083
2018-03-26,0.016208249202518177
2018-03-27,-0.032999788246580286
2018-03-28,-0.033999880585392286
2018-03-29,0.011577392792949892
2018-04-02,-0.0028653287176016937
2018-04-03,-0.002512106227620492
2018-04-04,-0.0015789435723146394
2018-04-05,0.002143657504230012
2018-04-06,-0.011107065925775067
2018-04-09,0.0023653870725805215
2018-04-10,0.011848283655607472
2018-04-11,-0.004276684113809381
2018-04-12,0.01520675920169759
2018-04-13,-0.01023132486786732
2018-04-16,-0.0011531878013207875
2018-04-17,0.01858453831620349
2018-04-18,0.0006526408107504211
2018-04-19,0.00454564382597325
2018-04-20,7.362034553257124e-05
2018-04-23,-0.005949495049770381
2018-04-24,-0.006962161126848221
2018-04-25,-0.008097389180936443
2018-04-26,0.013939027449789865
2018-04-27,0.019519902924818006
2018-04-30,0.0012924222807029206
2018-05-01,0.008950308058422507
2018-05-02,0.001129780884608661
2018-05-03,0.00712766570087503
2018-05-04,0.0004544691793966771
2018-05-07,0.012722816411153887
2018-05-08,-0.001735050216132239
2018-05-09,-0.0030810362155177518
2018-05-10,-0.003953037434410611
2018-05-11,-0.0034210727325121038
2018-05-14,-0.000754247056228563
2018-05-15,-0.0015454218863758806
2018-05-16,0.0019465524172481985
2018-05-17,-0.00559163453021197
2018-05-18,0.00023650976800643209
2018-05-21,0.003948256038414505
2018-05-22,0.0008416778920259382
2018-05-23,0.004603974740245376
2018-05-24,0.003113879199402231
2018-05-25,-0.0008460547725682721
2018-05-29,0.004667848912330297
2018-05-30,-0.0032592178969935576
2018-05-31,0.008981511980373558
2018-06-01,0.0005941728142237479
2018-06-04,0.0018895428153935523
2018-06-05,0.006544813852317394
2018-06-06,-0.00399312135272023
2018-06-07,-0.008912913721642685
2018-06-08,-0.007541117090774846
2018-06-11,0.0008669174552718706
2018-06-12,0.0011611116709785707
2018-06-13,0.0027087635138120514
2018-06-14,0.009100697531344099
2018-06-15,-0.007671086999097382
2018-06-18,0.010567670823665387
2018-06-19,-0.002597298192613784
2018-06-20,0.007361588467311941
2018-06-21,-0.005364484666038477
2018-06-22,-0.010005853274005966
2018-06-25,-0.01333596516308036
2018-06-26,0.005767591540261352
2018-06-27,-0.005900915645370819
2018-06-28,0.006997269279402252
2018-06-29,-0.0030321438782871246
2018-07-02,0.006972799087041681
2018-07-03,-0.010051853218529
2018-07-05,-0.0018008509392909433
2018-07-06,0.004525558783179617
2018-07-09,0.010063911754327887
2018-07-10,-0.004336928667367845
2018-07-11,0.00036907455834006564
2018-07-12,0.00750808194502342
2018-07-13,0.0026329833300350602
2018-07-16,0.0019494597656339874
2018-07-17,-0.001962869828228242
2018-07-18,0.0014069601055407832
2018-07-19,0.0007674175862241173
2018-07-20,-0.0006927786121901647
2018-07-23,-0.00409677325629107
2018-07-24,-0.0038407469577692865
2018-07-25,0.007784742066899247
2018-07-26,-0.00968907787129411
2018-07-27,-0.005451222297787467
2018-07-30,-0.022855992658463047
2018-07-31,-0.002284262140645116
2018-08-01,0.0012258078271319625
2018-08-02,0.007814015407036079
2018-08-03,-0.0023677153014361185
2018-08-06,0.0028524269003645797
2018-08-07,0.004423918086407241
2018-08-08,0.006056248155728167
2018-08-09,0.00482807427876869
2018-08-10,-0.0023712195084833743
2018-08-13,0.0002373507979532008
2018-08-14,0.008236879362536587
2018-08-15,-0.013051987720927721
2018-08-16,-0.007680115671708315
2018-08-17,-0.004464376826055577
2018-08-20,-0.006713000767006011
2018-08-21,0.0008291048295843984
2018-08-22,0.00828541710295086
2018-08-23,0.00042615202400872465
2018-08-24,0.0003647824648969622
2018-08-27,0.005692842866606207
2018-08-28,0.004974417417737992
2018-08-29,0.01193966406779004
2018-08-30,-0.0022604537081307163
2018-08-31,0.006205080973466975
2018-09-04,0.010257978469962709
2018-09-05,-0.00462768298929242
2018-09-06,-0.003634898454973723
2018-09-07,-0.0044200314099113736
2018-09-10,-0.006575544654814136
2018-09-11,0.007478833925151418
2018-09-12,0.0016556007969427688
2018-09-13,0.004048842696618871
2018-09-14,-0.0050746914600595106
2018-09-17,-0.012612991335527263
2018-09-18,0.007831255269120041
2018-09-19,-0.006925361199178082
2018-09-20,0.00492182020031523
2018-09-21,0.0008511764817716039
2018-09-24,0.004712961233197754
2018-09-25,0.008241967994574217
2018-09-26,-0.0021035346984547842
2018-09-27,0.008221538717473276
2018-09-28,0.009791512330940277
2018-10-01,0.003461354637708497
2018-10-02,0.0018510276338783715
2018-10-03,-0.006521654599464438
2018-10-04,-0.0066876265395472145
2018-10-05,-0.002843820193550256
2018-10-08,-0.005317150241209129
2018-10-09,0.004955349208595861
2018-10-10,-0.009981325741609759
2018-10-11,-0.003081426919539887
2018-10-12,0.02109145494502021
2018-10-15,-0.007428975870031773
2018-10-16,-3.890410980195158e-05
2018-10-17,-0.0032561241117708695
2018-10-18,-0.0031528129709975095
2018-10-19,0.004683207477873791
2018-10-22,0.007515071184266503
2018-10-23,0.002106698714789468
2018-10-24,-0.003766105968897898
2018-10-25,0.007880274464860615
2018-10-26,0.00560050093825068
2018-10-29,-0.018324494957092236
2018-10-30,-0.020655930894281457
2018-10-31,0.002598606812441784
2018-11-01,0.0036396880435722104
2018-11-02,-0.012899841079096502
2018-11-05,-0.011621273067542293
2018-11-06,0.0017213644103770132
2018-11-07,0.01779011910277073
2018-11-08,0.003065289915181596
2018-11-09,-0.008825365264872764
2018-11-12,-0.012490022664398331
2018-11-13,-0.005911221494193014
2018-11-14,-0.010458002347709439
2018-11-15,0.0036230598173436768
2018-11-16,0.006440121973109253
2018-11-19,-0.010246794569270662
2018-11-20,-0.011437238954044804
2018-11-21,-0.004800089193085999
2018-11-23,0.0020350935902979927
2018-11-26,-0.010469658670206494
2018-11-27,0.002995870898147207
2018-11-28,-0.0031744821956479208
2018-11-29,-0.0019545068524065012
2018-11-30,-0.00992141587892248
2018-12-03,-0.005376972422748982
2018-12-04,0.013585605768392767
2018-12-06,-0.004521477828441256
2018-12-07,0.017062634028458673
2018-12-10,-0.013981190332337023
2018-12-11,0.010135486084127093
2018-12-12,-0.004112623227962298
2018-12-13,0.006932550162169676
2018-12-14,-0.01897132509123267
2018-12-17,-0.0056517042704580245
2018-12-18,-0.010315076367450993
2018-12-19,0.025115989186921428
2018-12-20,0.00502252995459615
2018-12-21,0.025690632014749498
2018-12-24,-0.013582446022904648
2018-12-26,-0.016547837306995106
2018-12-27,0.009728503609922973
2018-12-28,-0.004830152096509971
2018-12-31,0.009766195715544518
2019-01-02,-0.01810615507962146
2019-01-03,0.01663843589733316
2019-01-04,-0.018503012243647032
2019-01-07,-0.016020121772396784
2019-01-08,0.004840022202267119
2019-01-09,-0.013962652380261759
2019-01-10,-0.0024773869639566903
2019-01-11,-0.0037811843068231987
2019-01-14,-0.009990050563374625
2019-01-15,-0.0007106720922423204
2019-01-16,-0.00020517897330474266
2019-01-17,-0.004111024842568811
2019-01-18,-0.006268145112660994
2019-01-22,0.010819618492104721
2019-01-23,0.016828675051505537
2019-01-24,-0.02182750278254847
2019-01-25,-0.008604335769600707
2019-01-28,0.038413028487367634
2019-01-29,0.019822544743704568
2019-01-30,-0.02500349997820342
2019-01-31,-0.0307214140556884
2019-02-01,0.0022304646569537706
2019-02-04,-0.014050043322184791
2019-02-05,-0.00561639757568011
2019-02-06,-0.00264922685570243
2019-02-07,0.011367339826048678
2019-02-08,-0.0005697073335029224
2019-02-11,0.005880455086720998
2019-02-12,-0.0003168921291756277
2019-02-13,-0.0008685387539801581
2019-02-14,-0.004740654988865944
2019-02-15,0.0015689237473586748
2019-02-19,0.0040035301547510505
2019-02-20,-0.004023426964361865
2019-02-21,0.007812874828478727
2019-02-22,-0.005022789357968072
2019-02-25,-0.004205198571074653
2019-02-26,0.0037366172602193437
2019-02-27,-0.0008297576211477586
2019-02-28,0.0028312481341508655
2019-03-01,-0.003327439741681759
2019-03-04,-0.0004577190990847635
2019-03-05,0.0019493815937453862
2019-03-06,0.008750962676008223
2019-03-07,0.004992904248728197
2019-03-08,-0.00358638636628289
2019-03-11,-0.022208361831044077
2019-03-12,-0.0026513313815738626
2019-03-13,-0.007252240090337647
2019-03-14,-0.00038900752003617756
2019-03-15,-0.007666867059625632
2019-03-18,-0.004337046966069069
2019-03-19,-0.0047466157863118585
2019-03-20,-0.0028391466349911576
2019-03-21,-0.019545548835403548
2019-03-22,0.005313262732953267
2019-03-25,0.010302806155993466
2019-03-26,0.0012679917152105813
2019-03-27,-0.004433866573091638
2019-03-28,0.0009101370088772792
2019-03-29,-0.0020422420123422103
2019-04-01,-0.0019796476386125528
2019-04-02,-0.006640792447291655
2019-04-03,-0.010516328609151776
2019-04-04,-0.0035008952351453793
2019-04-05,-0.003589059831909047
2019-04-08,-0.0017665862655966702
2019-04-09,0.007096363521852972
2019-04-10,-0.004840963086410244
2019-04-11,0.002612997370832537
2019-04-12,0.005076649867005428
2019-04-15,0.008895954510240417
2019-04-16,-0.0037228361506556618
2019-04-17,-0.0011598552427022901
2019-04-18,0.004180300245405916
2019-04-22,-0.0030376322708076664
2019-04-23,-0.006553591400817654
2019-04-24,0.0001894184199243143
2019-04-25,0.012729617754256434
2019-04-26,0.020668314567972412
2019-04-29,-0.004901515379173743
2019-04-30,0.008140995706980847
2019-05-01,-0.020385390303212514
2019-05-02,-0.0012873810437208921
2019-05-03,0.0021868485150942363
2019-05-06,0.00520113481951745
2019-05-07,0.00849010903488473
2019-05-08,-0.0006385530177130672
2019-05-09,0.004898896875725034
2019-05-10,0.009310196390273195
2019-05-13,0.021095932592734457
2019-05-14,-0.011938814051489055
2019-05-15,0.01106806784780634
2019-05-16,0.004414372002852551
2019-05-17,0.003346661588596034
2019-05-20,0.01169163743907256
2019-05-21,-0.009608493114854538
2019-05-22,0.01122785818060354
2019-05-23,0.006373862018320464
2019-05-24,0.0047413150190663556
2019-05-28,0.008497476578848695
2019-05-29,0.001114177598543098
2019-05-30,0.005806039858690944
2019-05-31,-0.000555775266611408
2019-06-03,-0.00522438898362837
2019-06-04,-0.011149130455271439
2019-06-05,0.011498974906182485
2019-06-06,-0.004788183205328311
2019-06-07,0.01055861939665137
2019-06-10,-0.004135521758541816
2019-06-11,7.398289222329546e-05
2019-06-12,0.0048015003514933485
2019-06-13,0.0032377164525368984
2019-06-14,0.012888795289444283
2019-06-17,0.011829253034375958
2019-06-18,-0.01131512071601845
2019-06-19,-0.0011176609659991343
2019-06-20,-0.0034497714165798166
2019-06-21,-0.001153067895069082
2019-06-24,0.0040624776574443855
2019-06-25,-0.012903247366508441
2019-06-26,-0.009322831692414435
2019-06-27,-0.0008243328586852172
2019-06-28,0.005237309556294589
2019-07-01,0.0004850695230524671
2019-07-02,0.008974806343788277
2019-07-03,-0.0001370810995857119
2019-07-05,0.0018326510266600815
2019-07-08,0.003003654967564162
2019-07-09,0.0028762675020247708
2019-07-10,0.003784809546990897
2019-07-11,-0.008619817945531238
2019-07-12,0.015598867399674227
2019-07-15,-0.0014275614210226273
2019-07-16,0.0006523616087174
2019-07-17,-0.0064327466954247625
2019-07-18,0.0004389131098598842
2019-07-19,0.003328390507139678
2019-07-22,0.0063439342875137306
2019-07-23,-0.0007261088277675798
2019-07-24,0.005395871012298936
2019-07-25,-0.0075166034579907115
2019-07-26,-0.02429732553703498
2019-07-29,-0.009017475954571086
2019-07-30,0.00831408398453265
2019-07-31,-0.005317069496796417
2019-08-01,0.0006340868416130213
2019-08-02,-0.005220122012395245
2019-08-05,-0.00778373064216295
2019-08-06,0.0026027228974176975
2019-08-07,0.004045403494779082
2019-08-08,-0.0008254154635577993
2019-08-09,0.003741911172142537
2019-08-12,0.0003078694020438033
2019-08-13,0.0017721086592395463
2019-08-14,-0.006416974097325195
2019-08-15,0.001820686816691841
2019-08-16,0.003733510693605502
2019-08-19,0.0018277468893317939
2019-08-20,0.003483424030754162
2019-08-21,-0.001124550963304466
2019-08-22,-0.0017615778195011755
2019-08-23,-0.002744487104721166
2019-08-26,0.0025951880057670795
2019-08-27,0.0006706528919822596
2019-08-28,0.000330796032668057
2019-08-29,0.008046110044644283
2019-08-30,-0.001210281350443515
2019-09-03,-0.00874903055914697
2019-09-04,0.00426863264975752
2019-09-05,0.0004901547635565717
2019-09-06,-0.00310055214865973
2019-09-09,-0.0037808106952946785
2019-09-10,-0.014452227000557344
2019-09-11,0.0003315851326894659
2019-09-12,0.006900167400466756
2019-09-13,-0.004650242035067503
2019-09-16,-0.0018693046634732091
2019-09-17,0.006535577475980103
2019-09-18,0.0023410835200667335
2019-09-19,0.007868444547136033
2019-09-20,-0.008637981695668456
2019-09-23,0.00025469943139844187
2019-09-24,0.0014208520462981322
2019-09-25,0.002736006741562047
2019-09-26,0.008360125509994792
2019-09-27,-0.004031242448318567
2019-09-30,0.0035048065841113973
2019-10-01,0.00010900515719580728
2019-10-02,-0.00734444923316821
2019-10-03,0.00283296612325884
2019-10-04,-0.00033123429188469666
2019-10-07,0.00022997696227186615
2019-10-08,0.0007990823674253189
2019-10-09,0.00910087980986074
2019-10-10,-0.0012198322959494634
2019-10-11,0.0006206647851443314
2019-10-14,-0.0020706217422480355
2019-10-15,-0.007238050971590637
2019-10-16,-0.0014441637640819904
2019-10-17,-0.0008786270344420533
2019-10-18,0.020496301742271655
2019-10-21,0.0029572041844443397
2019-10-22,0.008254594618378158
2019-10-23,0.0006153965977767351
2019-10-24,0.01044290359704228
2019-10-25,-0.011417791027261343
2019-10-28,0.002004293848786448
2019-10-29,0.0009293734495862682
2019-10-30,-0.004666083474435319
2019-10-31,0.006851247047660519
2019-11-01,-2.752471061601841e-05
2019-11-04,-0.013632925518066025
2019-11-05,-0.005260732964960824
2019-11-06,0.009389547027354006
2019-11-07,-0.002830768139756412
2019-11-08,0.005923579500156179
2019-11-11,0.002995192006209374
2019-11-12,0.002196843252067565
2019-11-13,0.01084198154154295
2019-11-14,-0.0011630091443079194
2019-11-15,0.00582955268596827
2019-11-18,0.002424089018960046
2019-11-19,0.0008503358374179482
2019-11-20,-0.003969897500940178
2019-11-21,-0.012053675979005474
2019-11-22,-0.002233494451278184
2019-11-25,0.002471576120008312
2019-11-26,-0.0009607675426223927
2019-11-27,-0.0005198270656393
2019-11-29,0.00457415121132243
2019-12-02,6.269478030229703e-05
2019-12-03,-0.0016520023465983746
2019-12-04,0.0038927640818610665
2019-12-05,0.005402753914390268
2019-12-06,0.005870922076634866
2019-12-09,-0.003415345513862522
2019-12-10,0.00721888931985154
2019-12-11,0.005053070723783637
2019-12-12,0.0017155491638333187
2019-12-13,0.007167594128494548
2019-12-16,0.0016194424395545859
2019-12-17,0.0020898847933887577
2019-12-18,0.0009825314416575248
2019-12-19,0.007292770865190618
2019-12-20,0.0024584034783007858
2019-12-23,0.0013444733154421296
2019-12-24,0.0015171356880898934
2019-12-26,-0.005952136662572494
2019-12-27,-0.0018020275057373247
2019-12-30,0.002119842681394951
2019-12-31,0.003825335373686456
2020-01-02,-4.9530485065049645e-05
2020-01-03,-0.0013873285307666183
2020-01-06,-0.0026005695268278006
2020-01-07,0.003374042454887455
2020-01-08,0.010212700714722495
2020-01-09,0.004942244671161167
2020-01-10,0.006476975540308821
2020-01-13,0.0097119519709844
2020-01-14,-0.0030001701759791166
2020-01-15,-0.0014104891549473475
2020-01-16,0.005391606361649148
2020-01-17,0.005823774243172403
2020-01-21,-0.0031219101246026393
2020-01-22,0.005122918467185628
2020-01-23,0.0058970076754142065
2020-01-24,0.001654401058578614
2020-01-27,-0.007183704306034044
2020-01-28,0.012100672828246423
2020-01-29,0.00423055127238503
2020-01-30,-0.006667702127424596
2020-01-31,-0.028769864764692954
2020-02-03,0.004796906392311229
2020-02-04,0.01278384450224443
2020-02-05,-0.004599665600762748
2020-02-06,0.0085214126448179
2020-02-07,-0.007899616007497556
2020-02-10,0.008567450421401113
2020-02-11,-0.0011864169483849496
2020-02-12,0.006150742208521132
2020-02-13,-0.0008349319606597849
2020-02-14,0.020505937966803778
2020-02-18,0.0020095584859703974
2020-02-19,0.015295823017793864
2020-02-20,-0.0033702314068229655
2020-02-21,-0.007824595082529057
2020-02-24,-0.007499185127492813
2020-02-25,-0.004612452540518036
2020-02-26,0.013929330217201386
2020-02-27,-0.003180050370383908
2020-02-28,0.009087572747743161
2020-03-02,0.007987502908224975
2020-03-03,0.00792546715047332
2020-03-04,0.015750781534979774
2020-03-05,-0.0011883549238910773
2020-03-06,0.00205971493359719
2020-03-09,0.0029383387679356443
2020-03-10,0.015007230496300317
2020-03-11,0.004144330770193966
2020-03-12,-0.004852238127215275
2020-03-13,0.021959368739665364
2020-03-16,-0.04227820234109658
2020-03-17,-0.0017005262291059364
2020-03-18,0.0039846859434456705
2020-03-19,0.014798348951633872
2020-03-20,0.006872471817157555
2020-03-23,0.024516240733628042
2020-03-24,0.02200267489786778
2020-03-25,-0.012310216116626943
2020-03-26,-0.0012771572532389586
2020-03-27,-0.009186611463926658
2020-03-30,0.009054721615426337
2020-03-31,0.005352772215713786
2020-04-01,-0.007051316412724586
2020-04-02,-0.013786137694914546
2020-04-03,-0.009027495944528896
2020-04-06,0.032946491117021526
2020-04-07,-0.021333042158078852
2020-04-08,-0.00984972483226787
2020-04-09,0.0008575845068334031
2020-04-13,0.02472993910429308
2020-04-14,0.03446692033401816
2020-04-15,0.018799440596071332
2020-04-16,0.03206568539574853
2020-04-17,-0.05387311831829583
2020-04-20,0.0034987572667664335
2020-04-21,-0.014416935361814182
2020-04-22,0.014681123308156407
2020-04-23,-0.010811489146020703
2020-04-24,0.0007312062161961563
2020-04-27,-0.00533389947895202
2020-04-28,-0.016496369498461783
2020-04-29,-0.0062817019947699615
2020-04-30,0.01067704115338236
2020-05-01,0.009869245984800712
2020-05-04,0.006530729344501773
2020-05-05,0.005445082547698765
2020-05-06,0.015294253299618504
2020-05-07,0.003371413703338988
2020-05-08,-0.007319583645425176
2020-05-11,0.020629085120580676
2020-05-12,-0.0014668461286902745
2020-05-13,0.016525507525676247
2020-05-14,-0.0023299079697381986
2020-05-15,0.022919028371234496
2020-05-18,-0.023772780233177027
2020-05-19,0.016594950391225383
2020-05-20,-0.006003698638049226
2020-05-21,-0.0029136019789958445
2020-05-22,0.007859828062996677
2020-05-26,-0.035172034603299124
2020-05-27,-0.02298157784188573
2020-05-28,0.00812678664033542
2020-05-29,0.01973813122521198
2020-06-01,-0.0067837047219611035
2020-06-02,-0.005722673139623324
2020-06-03,-0.02466663844246919
2020-06-04,-0.006259093843399982
2020-06-05,-0.02486186877276808
2020-06-08,-0.011896951331431205
2020-06-09,0.026433792684905838
2020-06-10,0.03688102166092602
2020-06-11,0.019246675864781182
2020-06-12,-0.009592667709359765
2020-06-15,0.006173680392803332
2020-06-16,-0.006351150254927829
2020-06-17,0.021538144999907388
2020-06-18,0.0005458562541673373
2020-06-19,0.011017698134965948
2020-06-22,0.011110973560457205
2020-06-23,-0.00191069545829059
2020-06-24,0.011736491434414659
2020-06-25,-0.003745187658972804
2020-06-26,0.007857401132812275
2020-06-29,-0.005049556115463705
2020-06-30,0.010301461668413059
2020-07-01,0.019484687964887004
2020-07-02,0.00023680429164513184
2020-07-06,0.012254771990384938
2020-07-07,0.00970024844222836
2020-07-08,0.013391326216870197
2020-07-09,0.031135272637614786
2020-07-10,-0.020807450625700274
2020-07-13,-0.0213290275968481
2020-07-14,-0.003231067096871154
2020-07-15,-0.016743942751757945
2020-07-16,-0.0017477579542455046
2020-07-17,0.007400969147512204
2020-07-20,0.035452016849539664
2020-07-21,-0.026981956744679902
2020-07-22,0.007244995197701998
2020-07-23,-0.017793176135724065
2020-07-24,0.006782423963668849
2020-07-27,0.00923989525490776
2020-07-28,-0.007565964555846544
2020-07-29,6.646267671367445e-05
2020-07-30,0.04199195351462292
2020-07-31,0.008983116850631995
2020-08-03,0.001382926937833616
2020-08-04,0.001314603114640378
2020-08-05,5.7762486702195304e-05
2020-08-06,0.0037574859460505206
2020-08-07,-0.011815983387143042
2020-08-10,-0.011620939000182462
2020-08-11,-0.022895972332225373
2020-08-12,0.022395497204901277
2020-08-13,0.007471808176018002
2020-08-14,0.0004133279583534155
2020-08-17,0.029274333350727877
2020-08-18,0.013389802087792474
2020-08-19,-0.004233478423879888
2020-08-20,0.009686563201350779
2020-08-21,0.012215767920664033
2020-08-24,-0.01195990447111972
2020-08-25,0.010370176136254433
2020-08-26,0.016402783160891027
2020-08-27,-0.012410692737420348
2020-08-28,0.0034146933184208694
2020-08-31,0.01880852097033478
2020-09-01,0.015229236706430699
2020-09-02,0.00956741717970036
2020-09-03,-0.033467572113391575
2020-09-04,-0.018206843307048998
2020-09-08,-0.01058702941098802
2020-09-09,0.025386113285195133
2020-09-10,-0.006244224356479144
2020-09-11,-0.0100564307502648
2020-09-14,0.01164551443265402
2020-09-15,0.017031626627158403
2020-09-16,-0.02702313886880736
2020-09-17,-0.003728209238282737
2020-09-18,-0.005405960862549852
2020-09-21,0.02003405208286954
2020-09-22,0.01523976101579802
2020-09-23,-0.008575630207677015
2020-09-24,0.0079159623640159
2020-09-25,0.015506999637294627
2020-09-28,-0.0029317623154509476
2020-09-29,0.016747471811441067
2020-09-30,0.006752662827965217
2020-10-01,0.005294253404328583
2020-10-02,-0.019450831711060823
2020-10-05,0.005996343513494262
2020-10-06,-0.0008644379701758798
2020-10-07,0.006675862991945669
2020-10-08,-0.02091770015864075
2020-10-09,0.011268540249434772
2020-10-12,0.018030692626526318
2020-10-13,0.007452870525998578
2020-10-14,-0.0065859294847127325
2020-10-15,-0.010021973447375765
2020-10-16,-0.004718048413489051
2020-10-19,-0.002867820407093713
2020-10-20,0.002512015415652158
2020-10-21,0.0029229873842166743
2020-10-22,-0.027069964798102253
2020-10-23,0.005516164719562122
2020-10-26,0.0038793296615834416
2020-10-27,0.01691825354499174
2020-10-28,-0.009398881924461172
2020-10-29,0.00440500325240667
2020-10-30,-0.022994711840184257
2020-11-02,-0.015409409367056814
2020-11-03,0.017165510090845493
2020-11-04,0.02480828636900148
2020-11-05,0.015307871493526498
2020-11-06,0.005298717971725736
2020-11-09,-0.059361180518724965
2020-11-10,-0.02127271256638244
2020-11-11,0.02658470018549111
2020-11-12,0.011773571540773908
2020-11-13,-0.010460411803599107
2020-11-16,-0.01518533542824807
2020-11-17,-0.004466703434420544
2020-11-18,0.010026503953583676
2020-11-19,0.0006196985478812145
2020-11-20,-0.004895928552406531
2020-11-23,-0.020269902555625136
2020-11-24,-0.017210309007462177
2020-11-25,0.014508917618466483
2020-11-27,0.004948446573450366
2020-11-30,0.019552598465259113
2020-12-01,0.0002798384114036656
2020-12-02,-0.006902403008469227
2020-12-03,-0.0060937932368320125
2020-12-04,-0.009645453953691846
2020-12-07,0.010802930838180652
2020-12-08,-0.01596504616241534
2020-12-09,-0.01894830058629393
2020-12-10,-0.0018801763022044116
2020-12-11,-0.0008499893939112602
2020-12-14,0.019750290206249188
2020-12-15,0.00612358317210171
2020-12-16,-0.004684165569060039
2020-12-17,-0.0017341533771172424
2020-12-18,-0.0023963622911700455
2020-12-21,0.011208017898399786
2020-12-22,0.010825004898121604
2020-12-23,-0.008744645947115243
2020-12-24,0.0017754737279301047
2020-12-28,0.005115711582897781
2020-12-29,-0.0012257693562283678
2020-12-30,-0.00580518150154017
2020-12-31,-0.0034985800944144774
2021-01-04,-0.00133994221924965
2021-01-05,-0.0063441202517204864
2021-01-06,-0.031885402948715114
2021-01-07,0.020182163625508676
2021-01-08,-0.0013677724120883528
2021-01-11,-0.005863236980963998
2021-01-12,-0.006464373627593001
2021-01-13,0.0024879701415295996
2021-01-14,-0.024034758127720796
2021-01-15,0.0026839786822130396
2021-01-19,-0.004247916674796515
2021-01-20,0.011831828540358996
2021-01-21,0.02671762708184061
2021-01-22,0.0019444267391482417
2021-01-25,0.004919835542856382
2021-01-26,-0.004859470476759942
2021-01-27,-0.004903379480640152
2021-01-28,-0.011987700716603461
2021-01-29,0.005004925343991634
2021-02-01,0.009086287901046486
2021-02-02,0.0054742723117105485
2021-02-03,-0.01253182772184222
2021-02-04,0.008413704507136771
2021-02-05,-0.009838833951531123
2021-02-08,0.004828745295482106
2021-02-09,-0.002632907142403662
2021-02-10,0.0013711784819619433
2021-02-11,-0.0010378291651821914
2021-02-12,0.002293066788886522
2021-02-16,0.003976268661168902
2021-02-17,-0.006303674576187052
2021-02-18,0.0010248092081837634
2021-02-19,0.017631221454401436
2021-02-22,0.006920055820087062
2021-02-23,-0.0012078804716861291
2021-02-24,0.005847876737718083
2021-02-25,-0.0018733213183079744
2021-02-26,-0.002974580126958226
2021-03-01,0.008247214255541535
2021-03-02,0.004922124846336001
2021-03-03,0.003364940030189778
2021-03-04,-0.001175722647152433
2021-03-05,-0.001418666327689555
2021-03-08,-0.0059620865998905315
2021-03-09,-0.0056677798290066805
2021-03-10,0.0034147355743828767
2021-03-11,-0.0010352776772431793
2021-03-12,-0.006081496014585436
2021-03-15,-0.0008946563239053407
2021-03-16,-0.005198406903107355
2021-03-17,-0.00016618058319944895
2021-03-18,0.004861647647576961
2021-03-19,-0.005822878246924984
2021-03-22,-0.013453372300985256
2021-03-23,-0.012373277086687146
2021-03-24,0.011104595024319791
2021-03-25,0.004063336066468803
2021-03-26,0.006658802655315876
2021-03-29,-0.028308399463579607
2021-03-30,0.006131717670067177
2021-03-31,-0.01591940756474126
2021-04-01,5.592474270789871e-05
2021-04-05,-0.016330348140685153
2021-04-06,-0.0023317003581931617
2021-04-07,0.0002774741235591627
2021-04-08,-0.004768322793149454
2021-04-09,-0.003787610651322826
2021-04-12,-0.0037248085539507148
2021-04-13,-0.0002556436312274313
2021-04-14,0.006572264321608984
2021-04-15,-0.006376556715221776
2021-04-16,-0.0010713270201087866
2021-04-19,0.0013287040801615302
2021-04-20,-0.010122111765382635
2021-04-21,0.004921840468088273
2021-04-22,0.0022633172664391354
2021-04-23,0.005016511925257372
2021-04-26,0.0010154781050830397
2021-04-27,0.00395765155118058
2021-04-28,0.005730174415744305
2021-04-29,0.006720288188582335
2021-04-30,-0.004010788375412716
2021-05-03,0.014881796237286915
2021-05-04,0.011389007923185313
2021-05-05,0.01592492961088096
2021-05-06,0.0015235200611547484
2021-05-07,-0.0005675288338911066
2021-05-10,0.0051318556792966374
2021-05-11,-0.01348952563358749
2021-05-12,0.007847932142185238
2021-05-13,-0.0014275022814257132
2021-05-14,0.004698655124409146
2021-05-17,0.003671176700058121
2021-05-18,-0.005124721310584501
2021-05-19,-0.008384506675455178
2021-05-20,-0.004818626908592888
2021-05-21,0.006617788601177954
2021-05-24,0.001081587446136567
2021-05-25,-0.010180005715158147
2021-05-26,0.0029780492194263486
2021-05-27,0.010648366408020554
2021-05-28,-0.00019293939353573486
2021-06-01,0.01570168138459682
2021-06-02,-0.0002828353787547311
2021-06-03,0.0003049860881985944
2021-06-04,-0.00018149392206479042
2021-06-07,-0.003022932098944775
2021-06-08,0.0011547112343104349
2021-06-09,-0.00224122013967204
2021-06-10,-0.010572006544492557
2021-06-11,-0.0005595950489178936
2021-06-14,-0.007503923095342979
2021-06-15,0.0058471298957704365
2021-06-16,0.0019606938008198127
2021-06-17,-0.023138925888159273
2021-06-18,-0.008913333150748298
2021-06-21,0.013699154053125828
2021-06-22,0.0006073132940153658
2021-06-23,0.003828996142022728
2021-06-24,0.007047492267623218
2021-06-25,0.002947680132190128
2021-06-28,-0.00978489074285549
2021-06-29,-0.00046392332362432676
2021-06-30,0.0036998558995036124
2021-07-01,0.0031367524428854154
2021-07-02,-0.007496777497006418
2021-07-06,-0.023200530603366493
2021-07-07,-0.006910125445881737
2021-07-08,-0.007749758167807125
2021-07-09,0.009175917639959674
2021-07-12,0.004184317914808555
2021-07-13,-0.006046998347894683
2021-07-14,-0.018455389006116207
2021-07-15,-0.003547780441942039
2021-07-16,-0.005887743306544041
2021-07-19,-0.0064487778128715645
2021-07-20,-0.004636323334701903
2021-07-21,0.02092026222513252
2021-07-22,-0.0025526405627841475
2021-07-23,-0.007373246983933879
2021-07-26,0.0013367963830202
2021-07-27,-0.0011838041318645298
2021-07-28,0.012284129921014825
2021-07-29,0.0026515715862650557
2021-07-30,-0.013148661550607177
2021-08-02,0.004459527888680204
2021-08-03,-0.0032940444172342986
2021-08-04,0.0032845612237406563
2021-08-05,0.005749633216785899
2021-08-06,0.0027057793366412064
2021-08-09,-0.0009362403082920634
2021-08-10,-0.004860408876150524
2021-08-11,-0.0045950657298973185
2021-08-12,0.0017006153885251174
2021-08-13,0.0018214998411965055
2021-08-16,-0.0058865856464330735
2021-08-17,-0.011850428688119169
2021-08-18,-0.0016862333497204285
2021-08-19,0.005483628849825395
2021-08-20,0.014688019860938761
2021-08-23,0.02082114561140047
2021-08-24,0.003574484395710037
2021-08-25,0.010023660209520807
2021-08-26,-3.9229809086605005e-05
2021-08-27,0.00970330613466372
2021-08-30,-0.0070671550688355955
2021-08-31,-0.005943529612230297
2021-09-01,4.8107622919013604e-05
2021-09-02,-0.004392543144051325
2021-09-03,0.003643966451239211
2021-09-07,0.0005992894347414401
2021-09-08,-0.007124307236329008
2021-09-09,0.006973381895560654
2021-09-10,0.006562635010292278
2021-09-13,-0.002449840306419565
2021-09-14,0.0030554455363244193
2021-09-15,-0.003429584061271196
2021-09-16,-0.0022760763464465816
2021-09-17,-0.007925977554974956
2021-09-20,-0.0007939619517037255
2021-09-21,0.003960229724236458
2021-09-22,-0.011842003873789558
2021-09-23,-0.0029592538446579497
2021-09-24,-0.002331213070017435
2021-09-27,-0.01779188882795124
2021-09-28,-0.027088860931656494
2021-09-29,-0.0016757599238907128
2021-09-30,0.009364207007930364
2021-10-01,-0.0037472114115221777
2021-10-04,-0.02737540029573121
2021-10-05,0.010589446889727433
2021-10-06,0.007605303245544676
2021-10-07,-0.0010681136104645494
2021-10-08,-0.008719727914435232
2021-10-11,0.002634171955315734
2021-10-12,0.001639331531013144
2021-10-13,0.01112157255916052
2021-10-14,0.005066099365455323
2021-10-15,-0.008716349947719526
2021-10-18,0.006820104913928954
2021-10-19,-0.005219740610718504
2021-10-20,-0.009404097256854649
2021-10-21,0.013371081770833404
2021-10-22,-0.012313869882337902
2021-10-25,-0.0007982182232180446
2021-10-26,0.011790557315709826
2021-10-27,0.01923292819371447
2021-10-28,0.005037076829064346
2021-10-29,0.009451478487748244
2021-11-01,-0.004742378392829066
2021-11-02,0.00539086525866303
2021-11-03,-0.0007077439766640103
2021-11-04,0.026778777267423753
2021-11-05,-0.0006675164860224236
2021-11-08,0.012128954359377692
2021-11-09,-0.007080990087619532
2021-11-10,-0.010971482056822746
2021-11-11,0.010210406487933948
2021-11-12,-0.0017868216304837148
2021-11-15,-0.0025811420540689523
2021-11-16,0.0021627057246839665
2021-11-17,-0.009031590801087563
2021-11-18,0.01463799752788067
2021-11-19,0.009381747641657917
2021-11-22,-0.0018423906220847719
2021-11-23,-0.004603928839552074
2021-11-24,0.008561941844168697
2021-11-26,-0.008776891408377757
2021-11-29,0.011320810823368499
2021-11-30,0.004132758205345227
2021-12-01,0.005344161115474061
2021-12-02,0.007076120271416686
2021-12-03,-0.009748993753071061
2021-12-06,-0.011237668724644906
2021-12-07,0.022176633070805973
2021-12-08,-0.0032355151558201567
2021-12-09,-0.01144344319160176
2021-12-10,0.005361567262294253
2021-12-13,-0.020654887908391928
2021-12-14,-0.011230618639311435
2021-12-15,0.024147271354289512
2021-12-16,-0.03093158786605374
2021-12-17,0.006588432537151606
2021-12-20,0.001469927828571721
2021-12-21,0.01531020502433833
2021-12-22,0.005255377993215682
2021-12-23,0.0017889765279399672
2021-12-27,0.013262750926494427
2021-12-28,-0.007669738780121116
2021-12-29,-0.003768813228644141
2021-12-30,-0.010925442262630002
2021-12-31,-0.000358551992234335
2022-01-03,0.001577614736199065
2022-01-04,-0.0191771175428741
2022-01-05,-0.010235123868111401
2022-01-06,-0.005826186512097736
2022-01-07,-0.009986021586891797
2022-01-10,0.003996499841148943
2022-01-11,0.005857505185062534
2022-01-12,0.0016901985520718366
2022-01-13,-0.012073913213371285
2022-01-14,0.015945671219567026
2022-01-18,0.0009580840882386088
2022-01-19,-0.010336997640038564
2022-01-20,-0.0019539590995009126
2022-01-21,0.014225670525881917
2022-01-24,-0.00671697619965389
2022-01-25,-0.014474060870787814
2022-01-26,0.012009711801557355
2022-01-27,-0.01303666083661667
2022-01-28,0.019348843325775078
2022-01-31,0.005261697395829434
2022-02-01,-0.005979832668550622
2022-02-02,0.0057156237755306705
2022-02-03,0.06851128673595844
2022-02-04,-0.029682063468563835
2022-02-07,0.015519638684712261
2022-02-08,0.003032658165997515
2022-02-09,0.004900827374726413
2022-02-10,-0.004428531915533107
2022-02-11,-0.004889277815185139
2022-02-14,0.0027264952183044533
2022-02-15,0.013865101970223642
2022-02-16,0.003810414044328525
2022-02-17,-0.0036340434818149525
2022-02-18,-0.006423237212444505
2022-02-22,0.003312850218324531
2022-02-23,0.011324888174480074
2022-02-24,-0.010760797228783786
2022-02-25,0.0035510706508292134
2022-02-28,-0.002136558863185256
2022-03-01,0.012357774778168157
2022-03-02,0.00506848071872501
2022-03-03,0.009364913010599468
2022-03-04,0.008607219837828639
2022-03-07,0.021530639852754913
2022-03-08,0.0026465121319770857
2022-03-09,-0.013567662014547593
2022-03-10,-0.005494302612542384
2022-03-11,0.0044892908944341725
2022-03-14,-0.010046711692063726
2022-03-15,-0.011921669684596764
2022-03-16,-0.009200225957197938
2022-03-17,0.0009827140105548304
2022-03-18,0.008414927858024529
2022-03-21,0.018231716741660492
2022-03-22,-0.007978121811916317
2022-03-23,0.00017594985259819507
2022-03-24,-0.006342616961477199
2022-03-25,0.00143190545310673
2022-03-28,-0.010970782213356026
2022-03-29,-0.004105513740559147
2022-03-30,0.005881883105921682
2022-03-31,0.005023066287257957
2022-04-01,0.00010555219154279732
2022-04-04,-0.012667466338431965
2022-04-05,0.00814764867735182
2022-04-06,0.02363735824779653
2022-04-07,0.009341824650083763
2022-04-08,0.013174883776744944
2022-04-11,0.002443742829553258
2022-04-12,0.013522407409940096
2022-04-13,0.014685490113925698
2022-04-14,0.00335097449647645
2022-04-18,-0.0035425281659645647
2022-04-19,-0.010401374499648786
2022-04-20,0.011059626956055224
2022-04-21,-0.0004174436231736689
2022-04-22,-0.0012875826784042588
2022-04-25,-0.007302404471999202
2022-04-26,0.0015682803837684944
2022-04-27,0.013717170667794099
2022-04-28,-0.02181758996968225
2022-04-29,-0.00673915790580365
2022-05-02,0.0011154750497174848
2022-05-03,-0.00038763127503649297
2022-05-04,-0.002402289389587753
2022-05-05,0.001077055509247693
2022-05-06,0.007394895706498955
2022-05-09,-0.014976833856111843
2022-05-10,0.009943926914231127
2022-05-11,0.005091330235187264
2022-05-12,-0.008688423492410197
2022-05-13,0.003523743304851501
2022-05-16,0.0031669473063766773
2022-05-17,-0.001967093622767091
2022-05-18,-0.0009836281930041546
2022-05-19,0.0001320306762597756
2022-05-20,0.0012429529960616414
2022-05-23,-0.007669961339351272
2022-05-24,0.02131993691376971
2022-05-25,-0.00432402717831562
2022-05-26,-0.011861014229758049
2022-05-27,-0.0018199663988483494
2022-05-31,-0.0054044653580137825
2022-06-01,0.011846370982964566
2022-06-02,-0.015305810143946358
2022-06-03,0.015035809516966786
2022-06-06,-0.004380336386414274
2022-06-07,0.010542508038705822
2022-06-08,0.003819736133419349
2022-06-09,0.013677232862927213
2022-06-10,0.020092776753333375
2022-06-13,0.021656050571996183
2022-06-14,-0.005395698538229965
2022-06-15,-0.01996211568385825
2022-06-16,0.017437044692041298
2022-06-17,-0.024258654322592277
2022-06-21,0.02021155156343754
2022-06-22,-0.0009289897371175804
2022-06-23,-0.004552915931971907
2022-06-24,-0.023233364508197685
2022-06-27,0.010630397974839417
2022-06-28,0.025965573257501567
2022-06-29,-0.007353795659576501
2022-06-30,0.003961465557721311
2022-07-01,0.02078688174807805
2022-07-05,-0.03008496746682443
2022-07-06,-0.009407360571115436
2022-07-07,-0.0073272166821581886
2022-07-08,0.0023163506454826066
2022-07-11,0.02135279967696957
2022-07-12,-0.006275796858980359
2022-07-13,-0.001273090708848873
2022-07-14,0.00022188334067244075
2022-07-15,-0.009022937221910776
2022-07-18,-0.010214683445828127
2022-07-19,-0.023960090524605904
2022-07-20,-0.021067265155205683
2022-07-21,-0.006816299027460532
2022-07-22,0.028369377733961393
2022-07-25,0.01694745720563623
2022-07-26,0.019257551312759108
2022-07-27,-0.030671175206236523
2022-07-28,0.014700211304059102
2022-07-29,0.01206791562452783
2022-08-01,-0.012323443243862198
2022-08-02,-0.004066890491998099
2022-08-03,-0.024080989752934934
2022-08-04,-0.021411290648086306
2022-08-05,0.010634862184045968
2022-08-08,0.01113207520007975
2022-08-09,0.017039346972840846
2022-08-10,-0.026251962537387208
2022-08-11,0.005393977416836893
2022-08-12,-0.015506040123009851
2022-08-15,-0.008129667081086506
2022-08-16,0.003871296494352222
2022-08-17,0.01567692421134148
2022-08-18,-0.0009978196343414514
2022-08-19,0.024907939157322784
2022-08-22,0.01766048571097162
2022-08-23,0.009249773364545855
2022-08-24,-0.003280967962337622
2022-08-25,-0.014849815931421761
2022-08-26,0.026082183193259473
2022-08-29,0.014905092215014432
2022-08-30,-0.001962217109841957
2022-08-31,-0.006680392665044332
2022-09-01,0.01713442267030671
2022-09-02,0.013471204084669064
2022-09-06,0.005111829036309995
2022-09-07,-0.008434079735689437
2022-09-08,-0.0035782111545347717
2022-09-09,-0.0036240080800541974
2022-09-12,0.0010003551325666327
2022-09-13,0.011859186063979565
2022-09-14,0.009162453039167462
2022-09-15,-0.011979827689257427
2022-09-16,-0.003980324558627402
2022-09-19,-0.007787321236134376
2022-09-20,0.004770035501102471
2022-09-21,-0.00099465702194243
2022-09-22,0.019436922522130806
2022-09-23,-0.006943205460660434
2022-09-26,0.006540349054054928
2022-09-27,0.003921871559652262
2022-09-28,-0.014445170797306357
2022-09-29,0.016052332678757386
2022-09-30,-0.0026449265508181052
2022-10-03,-4.178474998188086e-05
2022-10-04,-0.003281129256080928
2022-10-05,0.01085230280718083
2022-10-06,0.003903309000604177
2022-10-07,0.02500800589610494
2022-10-10,0.0029379427779750444
2022-10-11,-0.001151766490520345
2022-10-12,0.0008238771056416905
2022-10-13,0.0032966165136176784
2022-10-14,0.006994127733463917
2022-10-17,-0.01819187041741016
2022-10-18,0.00022819634899196028
2022-10-19,0.002863629164913145
2022-10-20,0.0011981336667234443
2022-10-21,0.008719945946649266
2022-10-24,0.0030017039555902403
2022-10-25,-0.030232368388511704
2022-10-26,0.026033567338440422
2022-10-27,0.057066582450683356
2022-10-28,-0.004664685257495915
2022-10-31,0.02027358283395217
2022-11-01,-0.005109337129186875
2022-11-02,0.009238280689864153
2022-11-03,0.004504372921460942
2022-11-04,-0.015141790397307675
2022-11-07,-0.013742208990260463
2022-11-08,-0.002580849799220075
2022-11-09,-0.011998572506606825
2022-11-10,-0.05484505393940847
2022-11-11,-0.011403068500783209
2022-11-14,0.0024944765207843556
2022-11-15,-0.0095778717418748
2022-11-16,0.018440821804165508
2022-11-17,0.009941087210669247
2022-11-18,0.0026766785819158367
2022-11-21,0.005188174981324817
2022-11-22,-0.004392585196992926
2022-11-23,-0.007874598539812455
2022-11-25,0.005213071578391071
2022-11-28,0.0008309704963570808
2022-11-29,0.007181118449696988
2022-11-30,-0.0355530145910955
2022-12-01,-0.012807721681680623
2022-12-02,-0.006654833534308235
2022-12-05,-0.007773432070513481
2022-12-06,0.01672117364895037
2022-12-07,0.004950596091274406
2022-12-08,0.004647629573723416
2022-12-09,-0.0023494406978200877
2022-12-12,0.011309163183721771
2022-12-13,-0.015580551544414872
2022-12-14,-0.00462299877137104
2022-12-15,0.013657991228431837
2022-12-16,-0.008720005437772765
2022-12-19,0.018013866789837074
2022-12-20,-0.0016703710443033981
2022-12-21,-0.004315223139675806
2022-12-22,0.006215938901026757
2022-12-23,0.0014776418520496826
2022-12-27,0.01328719841248252
2022-12-28,0.00362787434261419
2022-12-29,-0.013917977624451294
2022-12-30,0.004538028474491307
2023-01-03,-0.0212461602193309
2023-01-04,-0.0002311129078145513
2023-01-05,0.012313510367529035
2023-01-06,-0.005993746068239991
2023-01-09,-0.010372867429566557
2023-01-10,-0.011987997469398493
2023-01-11,-0.014499593151413331
2023-01-12,-0.00932077893164121
2023-01-13,0.00012183055402142928
2023-01-17,0.016246868745336762
2023-01-18,-0.006789116620889213
2023-01-19,-0.0029478157345811107
2023-01-20,-0.010268554309579014
2023-01-23,-0.004937901545649909
2023-01-24,0.007780109902436799
2023-01-25,0.0005240045506759439
2023-01-26,-0.0039021563739455867
2023-01-27,-0.019102125882854204
2023-01-30,0.007934641389239938
2023-01-31,-0.002776605744015226
2023-02-01,-0.007629469924517601
2023-02-02,-0.08564207732671153
2023-02-03,0.029645802309426345
2023-02-06,0.004602032271353529
2023-02-07,-0.0011594344640822318
2023-02-08,0.020317861950981897
2023-02-09,0.012544595819453996
2023-02-10,0.014402692942780987
2023-02-13,-0.003309394617361905
2023-02-14,-0.0020785842729471316
2023-02-15,-0.0024400531877292464
2023-02-16,0.006173918770420589
2023-02-17,-0.006474001883062658
2023-02-21,0.0031056152188135566
2023-02-22,-0.006957689768579134
2023-02-23,0.002881435962746648
2023-02-24,0.010728621955193751
2023-02-27,0.0022823863122964083
2023-02-28,-0.0011362419793132794
2023-03-01,0.0054663789185930844
2023-03-02,-0.005874585518423597
2023-03-03,-0.00424616739522421
2023-03-06,-0.00016702525193182383
2023-03-07,-0.00831365158924452
2023-03-08,-0.007157514237207896
2023-03-09,-0.0059016216935939
2023-03-10,0.0005787671966591135
2023-03-13,-0.01337393078242996
2023-03-14,-0.007116639547856907
2023-03-15,-0.01989396288660189
2023-03-16,-0.008833414898128028
2023-03-17,-0.0016593507916452255
2023-03-20,0.013295301456329206
2023-03-21,0.0013473890905498775
2023-03-22,-0.003736328713942111
2023-03-23,0.0007420842586937371
2023-03-24,-0.005744290322586276
2023-03-27,0.012144891010352987
2023-03-28,0.009973849540095172
2023-03-29,-0.0026915883162968446
2023-03-30,-0.00018953016779296727
2023-03-31,-0.0035729543154963683
2023-04-03,0.0001259904397845936
2023-04-04,-0.012540971903230919
2023-04-05,0.0026149917557514446
2023-04-06,-0.010649757993285769
2023-04-10,0.010131418056979508
2023-04-11,0.0055806000291915014
2023-04-12,0.0006732377691554825
2023-04-13,-0.017692798645262686
2023-04-14,0.0004607561028913687
2023-04-17,0.005409541360861858
2023-04-18,0.013151635057587041
2023-04-19,-0.007374835046664141
2023-04-20,-0.010891013106246267
2023-04-21,-0.006298640154154295
2023-04-24,-0.0005955705967387592
2023-04-25,-0.007284527421592052
2023-04-26,0.00704071069320264
2023-04-27,0.025207628787585867
2023-04-28,0.015521346435806133
2023-05-01,0.021648372191897053
2023-05-02,-0.016159614453150173
2023-05-03,-0.0027012597938155525
2023-05-04,-0.005568437853723518
2023-05-05,0.004510056044508104
2023-05-08,0.00479829403573967
2023-05-09,-0.00479245396999381
2023-05-10,-0.0068653671078723055
2023-05-11,-0.0032445595119171555
2023-05-12,0.0004236406733403586
2023-05-15,0.01058836513938724
2023-05-16,-0.002413783431091693
2023-05-17,0.00801961042141261
2023-05-18,0.01198741223923136
2023-05-19,-0.0011508261989150448
2023-05-22,0.006037954070341522
2023-05-23,-0.0053648857414177464
2023-05-24,-0.002306630563914114
2023-05-25,0.07175295394539069
2023-05-26,0.004597516240384736
2023-05-30,0.008185941069700636
2023-05-31,-0.010994834561984856
2023-06-01,0.004135428339709757
2023-06-02,-0.012520721774770427
2023-06-05,-0.0031494972034758206
2023-06-06,-0.005369304793637786
2023-06-07,-0.020677149399761036
2023-06-08,0.005873114876255164
2023-06-09,0.0042761316311989706
2023-06-12,0.012776972344047732
2023-06-13,0.008639945525493076
2023-06-14,0.015637853560436732
2023-06-15,0.000662141734768279
2023-06-16,0.0005231682251565506
2023-06-20,0.015381027407594394
2023-06-21,-0.009137585404448506
2023-06-22,0.0014773382408307945
2023-06-23,0.0010267726315117132
2023-06-26,-0.020043517866965288
2023-06-27,0.015252998408786855
2023-06-28,-0.00759135909250952
2023-06-29,-0.009920968367390981
2023-06-30,0.01045144032692874
2023-07-03,0.0026077158461784433
2023-07-05,0.008838651165106376
2023-07-06,-0.001017129104731923
2023-07-07,0.010007733058455592
2023-07-10,0.0006632102126201966
2023-07-11,0.007584352361086982
2023-07-12,0.017653536319089946
2023-07-13,0.013783013032754088
2023-07-14,-0.00989858280658365
2023-07-17,0.009887679219149875
2023-07-18,0.006255317911965125
2023-07-19,-0.0002278712267553551
2023-07-20,-0.03614967096780683
2023-07-21,-0.01732468513173141
2023-07-24,-0.005771557894197282
2023-07-25,0.006137829589210331
2023-07-26,0.0031555484810528167
2023-07-27,0.011277584817994235
2023-07-28,0.017524443534762235
2023-07-31,-0.00283103124658568
2023-08-01,0.001453122549494451
2023-08-02,-0.01692904860303515
2023-08-03,-0.004920857267879275
2023-08-04,0.0040459942334223065
2023-08-07,0.0001694860712356805
2023-08-08,-0.008592196291193843
2023-08-09,-0.021839810058963877
2023-08-10,-0.0005188173394765072
2023-08-11,-0.018715632620672412
2023-08-14,0.02189291295734519
2023-08-15,0.004745696794484944
2023-08-16,-0.003923360141567189
2023-08-17,-0.01582408270270863
2023-08-18,-0.003471663419436277
2023-08-21,0.03751909956652749
2023-08-22,-0.005508269786263481
2023-08-23,0.018139497086637674
2023-08-24,-0.005098754088504076
2023-08-25,-0.015210170167310494
2023-08-28,0.009452353236425293
2023-08-29,0.015542276636735852
2023-08-30,-0.001518217101595415
2023-08-31,0.003562219099500663
2023-09-01,-0.007254497758100303
2023-09-05,0.0030473991801492906
2023-09-06,-0.006457381904543896
2023-09-07,-0.00674734246499642
2023-09-08,-0.00873977091466649
2023-09-11,0.0058197601651164554
2023-09-12,-0.015206534050384107
2023-09-13,0.00785185686672435
2023-09-14,0.0019009389232875484
2023-09-15,-0.011035240053793055
2023-09-18,-0.0002939238752777684
2023-09-19,0.0005235296622461694
2023-09-20,-0.008744706997138502
2023-09-21,-0.005041854958199227
2023-09-22,0.007848042319526238
2023-09-25,0.002707906754146977
2023-09-26,-0.0011879086408060624
2023-09-27,-0.007303252828249507
2023-09-28,0.010938991660430136
2023-09-29,0.007602748062133263
2023-10-02,0.009589617998131711
2023-10-03,-0.010442308494870545
2023-10-04,0.015089390647567813
2023-10-05,0.007600178991617412
2023-10-06,0.015061450806862636
2023-10-09,-0.008528491131297888
2023-10-10,0.006975012068785341
2023-10-11,0.022552418818713893
2023-10-12,-0.002241893515864707
2023-10-13,-0.024021414903706517
2023-10-16,0.007352727487752064
2023-10-17,-0.007519980699530332
2023-10-18,-0.016398578711682904
2023-10-19,-0.001765853943187623
2023-10-20,-0.008343344663126168
2023-10-23,0.016395718690010885
2023-10-24,0.0001510893799684665
2023-10-25,-0.022931061676423947
2023-10-26,-0.012458847895175096
2023-10-27,0.0184547418504164
2023-10-30,0.005343788013840167
2023-10-31,-0.006979459740688365
2023-11-01,0.004590271470470482
2023-11-02,0.000526084955937145
2023-11-03,0.012044661948669183
2023-11-06,0.0030535029216132714
2023-11-07,0.008005147156724624
2023-11-08,0.008153813357180295
2023-11-09,0.001980732882530256
2023-11-10,0.012311467718464086
2023-11-13,-0.0005854470019259761
2023-11-14,0.009720858428985957
2023-11-15,-0.006962625828966201
2023-11-16,0.004849392364587368
2023-11-17,-0.005867288475643995
2023-11-20,0.008432744656472008
2023-11-21,-0.006427060203973239
2023-11-22,-0.0046608255976793855
2023-11-24,-0.010591231428947911
2023-11-27,0.003287703697251315
2023-11-28,0.0005884857408328392
2023-11-29,-0.0003775722236410983
2023-11-30,-0.016083339907426192
2023-12-01,-0.008428765255058535
2023-12-04,-0.009862658185125467
2023-12-05,0.013704950784122094
2023-12-06,-0.003136177515534827
2023-12-07,0.015406224494517673
2023-12-08,0.008303988095029052
2023-12-11,-0.01145001657775524
2023-12-12,0.012171730318970786
2023-12-13,-0.00303323095201119
2023-12-14,0.005052241836459304
2023-12-15,0.008040100334506056
2023-12-18,0.009021334895494448
2023-12-19,0.00016209927704741167
2023-12-20,0.0006672002340319116
2023-12-21,0.004841639385688212
2023-12-22,-0.004079495139698297
2023-12-26,0.0016598084007554137
2023-12-27,0.003652394236163259
2023-12-28,0.004120761704982823
2023-12-29,-0.0027734241405367455
2024-01-02,-0.023355646434536664
2024-01-03,-0.008086082403525735
2024-01-04,0.006885753551063689
2024-01-05,0.003101652091240026
2024-01-08,0.024381331250803717
2024-01-09,0.006328176347434156
2024-01-10,0.01690007513642275
2024-01-11,0.0027939325956638505
2024-01-12,-0.002417919312958483
2024-01-16,0.011478905673825979
2024-01-17,-0.0018578600188685068
2024-01-18,0.008441877691225286
2024-01-19,0.006745917161505299
2024-01-22,-0.003702924423900661
2024-01-23,-0.005661023073094018
2024-01-24,0.010153051847300337
2024-01-25,-0.0015310859599338977
2024-01-26,-0.0010849977276649325
2024-01-29,0.005204232569577666
2024-01-30,-0.001965147332530226
2024-01-31,-0.00424854357028534
2024-02-01,0.0019704459148104647
2024-02-02,0.056021297221854754
2024-02-05,-0.009961201147927978
2024-02-06,-0.005573850295861715
2024-02-07,0.0082496456175572
2024-02-08,0.0015133185808030303
2024-02-09,0.01220709222666394
2024-02-12,-0.0003681927261054152
2024-02-13,-0.00012556401137653328
2024-02-14,0.01572811510447658
2024-02-15,-0.005294344977203241
2024-02-16,-0.0035789430106126507
2024-02-20,-0.008321894219686876
2024-02-21,-0.015243497838769077
2024-02-22,0.04809633607446437
2024-02-23,-0.00016219559926727856
2024-02-26,0.00032446908849340095
2024-02-27,-0.0008043132173302936
2024-02-28,-0.0064346832143010735
2024-02-29,0.009006595324941191
2024-03-01,0.016576727544291653
2024-03-04,0.016803377383351775
2024-03-05,-0.0051249817582527946
2024-03-06,0.00926080234103796
2024-03-07,0.018632494094159374
2024-03-08,-0.020289531909813585
2024-03-11,-0.020214495941147465
2024-03-12,0.025510933738180697
2024-03-13,-0.005152354018668814
2024-03-14,-0.011479594101949875
2024-03-15,-0.0021674867331475944
2024-03-18,0.008340540926902312
2024-03-19,0.001411448812284083
2024-03-20,0.00834019559077634
2024-03-21,0.0029580986292481737
2024-03-22,0.009534142841375048
2024-03-25,-0.003867088169727445
2024-03-26,-0.008977683610211173
2024-03-27,-0.013372572869423976
2024-03-28,-0.007023440258314695
2024-04-01,0.0020249535798547713
2024-04-02,-0.0026012904327880615
2024-04-03,0.0021046850644851345
2024-04-04,-0.00619109058715131
2024-04-05,0.009583682697608398
2024-04-08,-0.002965897504116549
2024-04-09,-0.00935286095986948
2024-04-10,0.007032994964562195
2024-04-11,0.0018966162658310137
2024-04-12,-0.01132669565493677
2024-04-15,-0.00499462435711448
2024-04-16,0.01073535035285475
2024-04-17,-0.01029968777417159
2024-04-18,0.007412469819730594
2024-04-19,-0.03515485195868981
2024-04-22,0.007765623662136845
2024-04-23,0.014255021331328832
2024-04-24,-0.011093029852322106
2024-04-25,-0.015540060582868276
2024-04-26,0.01854690812453544
2024-04-29,-0.013320143307604004
2024-04-30,0.0021546527821126593
2024-05-01,0.0017638769372927687
2024-05-02,0.0038142700098430238
2024-05-03,0.000606555955614374
2024-05-06,0.020456720912665982
2024-05-07,-0.004113749766515101
2024-05-08,0.001083202191874355
2024-05-09,-0.007126308553609351
2024-05-10,0.005218612209968637
2024-05-13,-0.009446426617457149
2024-05-14,0.0028898749888304764
2024-05-15,0.008908657254634023
2024-05-16,-0.007824729685700027
2024-05-17,-0.006301228089295174
2024-05-20,0.006524814886743668
2024-05-21,-0.0023112224188786
2024-05-22,-0.0012989867919618314
2024-05-23,0.033683668877758505
2024-05-24,0.013519692690768664
2024-05-28,0.022732340211551794
2024-05-29,-0.0013669266535639435
2024-05-30,-0.028064286859287524
2024-05-31,-0.005725817335615752
2024-06-03,0.0034521837738180905
2024-06-04,0.0023482964706683374
2024-06-05,0.023499930828846688
2024-06-06,-0.0025972750593248883
2024-06-07,-0.004857275700583502
2024-06-10,0.011456126561605523
2024-06-11,-0.016897159703793574
2024-06-12,0.004700202717201063
2024-06-13,0.005035532169428786
2024-06-14,0.0065439641540288584
2024-06-17,-0.0061034301204269115
2024-06-18,0.00851667515890639
2024-06-20,-0.006022536275825413
2024-06-21,-0.010526029705013484
2024-06-24,-0.01602831657669243
2024-06-25,0.02486735296741474
2024-06-26,-0.002521356747219511
2024-06-27,-0.0008886116290621471
2024-06-28,-0.004842337434777522
2024-07-01,-0.005989021426117125
2024-07-02,-0.004250723733526224
2024-07-03,0.010788094191854197
2024-07-05,0.0031470738721271763
2024-07-08,-0.0001228763385017484
2024-07-09,0.002880837174532469
2024-07-10,0.00018226450737429678
2024-07-11,-0.018844836978620716
2024-07-12,-0.006696378073016568
2024-07-15,-0.0060239148074204
2024-07-16,-0.010671201903701355
2024-07-17,-0.033646890294572934
2024-07-18,0.013455487055509419
2024-07-19,0.0008890166994532378
2024-07-22,0.019906222781103516
2024-07-23,0.0006305433416220196
2024-07-24,-0.030295576278386194
2024-07-25,-0.012744572082433542
2024-07-26,0.006406901693396971
2024-07-29,-0.00032923124041248086
2024-07-30,-0.041948858323498664
2024-07-31,0.03995769332985971
2024-08-01,-0.0012610044996285985
2024-08-02,-0.0211429438961743
2024-08-05,-0.014879301829668456
2024-08-06,0.023969378013026843
2024-08-07,-0.018640227872445403
2024-08-08,0.019053750504414213
2024-08-09,0.0008092326950729645
2024-08-12,0.015931797411560922
2024-08-13,0.024038172243818517
2024-08-14,0.0009354691110890767
2024-08-15,0.015477844053959439
2024-08-16,-0.0015377154903929435
2024-08-19,0.010592639238230117
2024-08-20,-0.00926238640635288
2024-08-21,0.004862928457867732
2024-08-22,-0.007131148550201555
2024-08-23,0.006040615142103578
2024-08-26,-0.011355960852472063
2024-08-27,0.005220696440225353
2024-08-28,-0.0035121880113792303
2024-08-29,-0.016929844390063814
2024-08-30,0.0017842127496633386
2024-09-03,-0.026161691353161598
2024-09-04,-0.0018266310478949332
2024-09-05,-0.002179460738921557
2024-09-06,0.0018458097019251607
2024-09-09,0.005617054323416748
2024-09-10,-0.02028518681929603
2024-09-11,0.010150037489145114
2024-09-12,-0.001669854611384719
2024-09-13,-0.00426292641343351
2024-09-16,0.0011709867164547139
2024-09-17,-0.004332368083875132
2024-09-18,0.0035660862009605776
2024-09-19,0.016618034110158775
2024-09-20,-0.0017479942273844196
2024-09-23,0.0011075218480377513
2024-09-24,0.013306296824688035
2024-09-25,0.004491441622080233
2024-09-26,0.004584605160161959
2024-09-27,0.001054705940654016
2024-09-30,0.006649828749434539
2024-10-01,-0.009232335621606302
2024-10-02,0.007198137126941145
2024-10-03,0.011332571993266483
2024-10-04,-0.0004989559499221363
2024-10-07,0.0115423030707201
2024-10-08,-0.0017342845946203556
2024-10-09,0.0013745037228911627
2024-10-10,0.004356227696402343
2024-10-11,-0.004554101110342601
2024-10-14,0.009017195070389838
2024-10-15,-0.0012050197679873975
2024-10-16,0.006534021604792495
2024-10-17,0.002909755849246576
2024-10-18,0.004865038742140559
2024-10-21,0.011402158180335964
2024-10-22,-0.007366522914259432
2024-10-23,-0.009829938020559842
2024-10-24,0.0026537797306829813
2024-10-25,0.0011187677785918781
2024-10-28,0.0024935770718531036
2024-10-29,0.0018529386949777404
2024-10-30,-0.010986544672583774
2024-10-31,-0.00141894040533172
2024-11-01,0.0007739741552752269
2024-11-04,0.004069944311843876
2024-11-05,0.0021280970808325583
2024-11-06,-0.005441084164917204
2024-11-07,0.004260400174380119
2024-11-08,0.0015278418122336435
2024-11-11,-0.002731190239326997
2024-11-12,-0.00028946807371676986
2024-11-13,-0.00990639583430275
2024-11-14,0.0063457402178120625
2024-11-15,0.005778937027786396
2024-11-18,-0.002419953996681573
2024-11-19,0.014792320598284003
2024-11-20,-0.0033013256122551016
2024-11-21,-0.0014534211602015012
2024-11-22,-0.008782171991001703
2024-11-25,-0.007830333101329329
2024-11-26,0.005467091381419625
2024-11-27,-0.0025288585542923847
2024-11-29,0.007705536656201134
2024-12-02,0.00521909660217712
2024-12-03,0.012468674531210588
2024-12-04,0.012347235321875455
2024-12-05,-0.0025876960072658828
2024-12-06,-0.001956862399452447
2024-12-09,-0.006981891646814259
2024-12-10,-0.005066185681931901
2024-12-11,0.005758812398842295
2024-12-12,-0.0026840302962471696
2024-12-13,-0.008796208682369827
2024-12-16,0.0021867930267460978
2024-12-17,-0.004334783398735109
2024-12-18,0.007153088681850134
2024-12-19,0.00630309361886372
2024-12-20,0.011090876500886221
2024-12-23,0.006622774238711243
2024-12-24,0.0008509215317294427
2024-12-26,0.0016836507472996476
2024-12-27,0.0007128233182751298
2024-12-30,0.0074187942740504
2024-12-31,-0.005594116210814133
